sport,item
"Ilé ẹjọ́ fi Rahman Adedoyin pamọ́ sí ọgbà ẹ̀wọ̀n bí ìgbẹ́jọ́ ikú Timothy Adegoke ṣe bẹ̀rẹ̀ l'Osun,Gbọ́, ,Ìṣẹ́jú kan BBC,, Duration 1,02,Ṣé lóòtọ́ ni Sunday Igboho ti gba ìtúsílẹ̀ nínú ọgbà ẹ̀wọ̀n Benin Republic?,Fídíò, ,Àgbéyẹ̀wò aáwọ̀ àárín Russia àti Ukraine- Oyeniyi Bukola tó jẹ́ akọ́sẹ́mọsẹ́ olùkọ́ nípa ìtàn ilẹ̀ Yúròòpù,, Duration 9,34,Ọmọ ọdún 15 tí wọ́n fẹ̀sùn kàn pé ó bá ọmọ ọdún mẹ́jọ lòpọ̀ fojú balé ẹjọ́ l'Eko,Ìjọba àpapọ̀ fún Amẹ́ríkà láṣẹ láti gbé Abba Kyari fún ìgbẹ́jọ́,Fídíò, ,Bíbọ Ajé máaa ń mú kí ènìyàn gbèrú lẹ́nu iṣẹ́ àti okoòwò,, Duration 5,45,Kíni ó wà nínú lẹ́tà tí ọkùnrin tí wọ́n bá òkú rẹ̀ pẹ̀lú obìnrin kan nínú mọ́tò kọ sí aya rẹ̀?,Ìdí tí mi ò fi kópa níbi ìpàdé ìpẹ̀tùsááwọ̀ láàárín èmi àti Aregbesola nìyìí – Tinubu,MC Oluomo, ilá rẹ fẹ́ máa ga ju onírè lọ - NURTW,Àwọn ọmọ Nàìjíríà tó wà ní Ukraine yóò máa dé láti òní lọ- Mínísítà fọ́rọ̀ ilẹ̀ òkèèrè,Wo iye èèyàn Ukraine àti àjòjì tó ti kú láti ìgbà tí Russia ti gbógun ti Ukriane,NÍ YÀJÓYÀJÓ ,Ọmọ ogun Russia bíi 500 ló ti bá ogun lọ ní Ukraine,kí ló ń fa rúgúdù láàrín ìjọba ìpínlẹ̀ Oyo àti àjọ EFCC,Ewé sunko fàwọn oníjìbìtì ayélujára mẹ́ta, wò dúkìá tí wọ́n jọwọ fún ìjọba,Ṣé lóòtọ́ ni pé Russia yóò kógun ja Naijiria àti pé ọmodébìnrin Ukraine gbéná wojú ọmọ ogun Russia?,Àwọn obìnrin bẹ̀rẹ̀ ìwọ́de lẹ̀yìn tí àwọn aṣòfin kọ̀ láti buwọ́lù òfin tí yóò ṣe wọ́n láàfàní,Obasanjo bẹ Olubadan tuntun wo, mọ́ínmọ́ín àti ògì ló fi ṣinu níbẹ́,Kíní ìtumọ̀ àyájọ́ Ọ̀jọ ''Ash Wednesday' tó wáyé lóní?,Ìpàdé ìjọba àpapọ̀ àti ẹgbẹ́ ASUU tún forí sọ́pọ́n,Omoyeni rí ẹ̀wọ̀n he fẹ́sùn fífi abẹ ya ọmọ ọ̀dọ̀ rẹ̀ lára,Ìwà àìlajú ní Russia hù bó ṣe kọlu ọ̀wọ̀n ìràntí ìṣekúpani - Ukraine,Ìlù ti yí, orin ti séńjì! Ẹni tí yóò jẹ Olubadan yóò ní àmúyẹ tuntun - Ìgbìmọ̀ Olubadan,Gbajúmọ̀ òṣèré tíátà míì ti jáde láyé,Wo àwọn orílẹ̀-èdè tó ń ṣàtìlẹyìn fún Russia àti àwọn tó wà lẹ́yìn Ukraine,FIFA pàṣẹ pé Russia kò gbọdọ̀ díje pẹ̀lú àṣíá orílẹ̀èdè rẹ̀,UEFA gba àǹfàní ìgbàlejò àsekágbá ìdíje Champions League kúrò lọ́wọ́ Russia,Kílódé tí wọ́n ti ìlẹ̀kùn mọ́ Super Falcons ni pápákọ̀ òfurufú l'Abuja?,Wọ́n ti fi orúkọ Sadio MAne sọ pápá ìṣeré kan ní Senegal,Fídíò, ,Láì lo Kakulétọ̀, mo ní ọpọlọ ìṣirò, tábìlì ìṣirò wà lórí mi - Human Calculator,, Duration 3,01,Fídíò, ,Nítòótọ́ àfọ́jú ni mí sùgbọ́n kò sí mọ́tò tí mi ò le ṣe nítorí iṣẹ́ tí mo kọ́ láti ilẹ̀ ni,, Duration 5,37,Fídíò, ,Wo ohun tó fa ìjà Ukraine àti Russia pẹ̀lú bí o se kàn ọ́ báyìí,, Duration 4,13,Fídíò, ,Lẹ́yìn tí mo gba N5,000 ní owó osù àkọ́kọ́ ni mo fi isẹ́ agbẹjọ́rò sílẹ̀ lọ bẹ̀rẹ̀ àwàdà- McLively,, Duration 6,29,Fídíò, ,A kò tíì mọ ẹgbẹ́ òṣèlú tí a máa bá lọ sùgbọ́n a ti mọ̀ àwọn méjì tí a kò fẹ́- Khadijat Okunnu-Lamidi,, Duration 6,28,Fídíò, ,Sé òtítọ́ ni pé Aarẹ Ona Kakanfo ilẹ̀ Yorùbá kìi pẹ́ láyé?,, Duration 1,22,Fídíò, ,Iṣẹ́ tí Ọlọ́run kọ mọ́ mi ni mò ń ṣe -Ṣọla Ṣobọwale,, Duration 2,57,Fídíò, ,Àwọn òbí àti àbúrò mi kò le sọ̀rọ̀, ẹ̀mi nìkan ni mo lè sọ̀rọ̀ nínú ìdílé wa - Ifeoluwa,, Duration 6,35,Fídíò, ,'Mo lè fi ẹsẹ̀ mi jẹun, fọṣọ, mó tún lè fi gbá ẹni tó bá ṣẹ̀ mí létí',, Duration 2,34,Fídíò, ,Lóòótọ́ lòògùn owó wà ṣùgbọ́n ayédèrú aláwo ló ń lo ẹ̀yà ara ènìyàn- Ẹlẹ́búìbọn,, Duration 5,43,Wo ìdí mẹ́ta tí Buhari fi ń rìnrìnàjò lónìí yàtọ́ sí pé ó ń lọ fún ìtọ́jú ara rẹ̀ ní London,Ọkùnrin kan dágbére fáyé lẹ́yìn ìbálòpọ̀ pẹ̀lú ọ̀rẹ́bìnrin rẹ̀,Victor Akinwa, afurasi tí wọ́n fẹ̀sùn kàn pé o gún orí bàbá rẹ̀ nínú odó ti kó sí gbaga ọ́lọ́pàá ní Ondo,Àtẹ Àwòrán, ,Wo àwòràn ohun tó sẹlẹ̀ ní UKraine,Àwọn agbébọn yabo ibi ètò ìgbéyàwó, jí ìyàwó gbé lọ,Kí ló wáyé níbi ìpàdé NANS àti ìjọba àpapọ̀? àlàyé rèé,Kí ló dé tí Esabod àti Lizzy Anjorin fi ń ṣépè fúnra wọn?,Ṣé Putin yóò tẹ bọ́tìnì lílo àdó ikú bí?,Ilé ẹjọ́ ju Mínísítà sẹ́wọ̀n ogún ọdún fún ìwà àjẹbánu,Àwọn agbébọn rọ́jò ìbọn fún Ọba aládé l'Ekiti, ó dèrò ilé ìwòsàn,Àwọn ọmọ Naijiria tó wà ní Ukraine ké gbàjarè lórí ìdẹ́yẹsí tí wọ́n ń kojú lẹ́nu ibodè EU,Ìjọba àpapọ̀ tún ti wọ́ Sunday Igboho relé ẹjọ́,Fídíò, ,Wo ohun tó ń fà á tí wọ́n fi ń gé ẹsẹ̀ aláìsàn ìtọ̀ ṣúgà,Diabetes,, Duration 5,16,Belarus ní ààyè ìpàdé ìpẹ̀tùsááwọ̀ láàrín Ukraine àti Russia ti wà níkàlẹ̀,Ẹ̀bẹ̀ béèlì Abba Kyari kò ba mọ́, yóò lo ọjọ́ mẹ́rìnlá si ní àhámọ́ NDLEA - Iléẹjọ́,Ọ̀wọ́ngógó epo bẹntiróòlù le tún peléke síi nítorí làásìgbò Russia àti Ukraine,Ta ni Ajé tí àwọn ọmọ Yorùbá lágbáyé ń ṣọdún rẹ̀ ní Ile Ife lónìí?,Ọmọ Nàìjíríà tó há sí Ukraine kò nílò físà láti wọ Romania àti Poland- Ìjọba Nàìjíríà,Wo ìdí pàtàkì mẹ́ta tí Russia se kọlu Ukraine,Mi ò ní ìkùnsínú sí àwọn tó bá mi du àṣíá ìdíje gómìnà ní APC- Oyetola,Lóòtọ́ abẹ́rẹ́ Covid-19 lée jẹ́ ṣẹ̀ṣẹ̀dé ayé, àmọ́ ẹ wo ìdí tí kò lè ṣe iṣẹ́kíṣẹ́ lára yín - Dókíta,U.S. yóò máa fún àwọn ọmo Nàìjíríà kan ní físà ìwé ìrìnnà láì ṣe ìfọ̀rọ̀wánilẹ́nuwò,Àwọn nǹkan mẹ́ta tí a kò tíì mọ̀ nípa Covid-19 lẹ́yìn tí àrùn náà bẹ́ sílẹ̀ rèé,Ìjọba Nàìjíríà kéde ìlànà tuntun lórí COVID-19, Ó mú àdínkù bá ìye èèyàn tó lè wọ ṣọ́ọ̀ṣì, mọ́sáláṣí,Èèyàn mẹ́ta míì tún ti lùgbàdì ẹ̀dà COVID-19 tuntun Omicron ní Nàìjíríà,'Omicron ti wọ Nàìjíríà o', ìjọba àpapọ̀ kéde; Canada bẹ́gi dínà àwọn ọmọ Nàìjíríà tó bá fẹ́ wọlé,Ṣé o mọ̀ pé o leè kó Covid pẹ̀lú ọmọ ìka ẹ̀sẹ̀ rẹ̀ láì mọ̀?,Okòòwò márùn ún tí o lè bẹ̀rẹ̀ nínú ilé rẹ̀,Ẹ̀dà Delta Variant COVID-19 ń gbèrú síi ní Nàìjíríà, ìjọba àpapọ̀ ra abẹ́rẹ́ àjẹsára 176,000","Ìgbẹ́jọ́ Ramon Adedoyin tó ni ìtura Hilton, Ilé Ifẹ̀ àti àwọn afurasí mẹ́fa mìíràn tó ń kojú ẹ̀sùn níní ọ́wọ́ nínú ikú Timothy Adegoke tó kú sí ilé ìtura náà ń tẹ̀síwájú lónìí.,Àkójọpọ̀ ìsẹ̀lẹ̀ jákèjádò àgbáyé láàárín ìṣẹ́jú kan lórí BBC.,Ninu atẹjade kan lori ayelujara lo ti sọ ọrọ naa.,Ojọ̀gbọ̀n Bukola Oyeniyi to jẹ́ akọ́sẹ́mọsẹ́ nipa itan ilẹ̀ Yuroopu sọrọ nipa ipa ńlá ti àwọn orílẹ̀-èdè méjéèjì ń kó lórí ètò àgbáyé.,Ọlọpaa to n ṣe ẹjọ ọhun ṣalaye fun ile ẹjọ naa pe afurasi wu iwa ọdanran naa ni adugbo Oladejo, ni Araromi, Badagry, nipinlẹ Eko.,Nàìjíríà ti buwọ́lu ìbéèrè orílẹ̀ èdè Amẹ́ríkà láti fi ọ̀gá ọlọ́pàá Abba Kyari ráńṣẹ́ sí orílẹ̀ èdè náà láti lọ kojú ìgbẹ́jọ́ ẹ̀sùn ìwà àjẹbánu tí wọ́n fi kàn án.,Wọ́n ni pe tí a bá bi ọmọ tuntun, kò sí kí a má bọ Ajé fún un kó le ní láárí,Iroyin to gbode kan ni pe wọ́n ba oku ololufe meji ninu ọkọ̀ Sienna kan ni agbegbe Mowe - Ibafo ni ipinle Ogun.,Tinubu ní wọn kò pé òun sí ìpàdé ìpẹ̀tùsááwọ̀ láàárín òun àti Mínísítà fọ́rọ̀ abẹ́lé, Rauf Aregbesola.,Awọn alaṣẹ apapọ ẹgbẹ NURTW ni tọọgi ni MC Oluọmọ n ran sawọn alatako rẹ l' Eko,Mínísítà fọ́rọ̀ ilẹ̀ òkèrè, Geoffrey Onyema ti ni àwọn ọmọ Nàìjíríà kan tó wà ní orílẹ̀ èdè Ukraine tí Russia ń gbógun kọlù kò fẹ́ kúrò ní orílẹ̀ èdè náà padà wálé.,Yatọ si ẹgbẹrun meji eeyan yii, awọn oṣiṣẹ pajawiri mẹwaa lo tun ti ba ogun naa lọ.,Ileesẹ iroyin kan ni Ruissia jabọ pe ẹẹdẹgbẹta din meji (498) ọmọ ogun ilẹ naa lo ti ba ogun naa lọ, nigba ti awọn 1,597 ti farapa loju ogun.,Ìjọba ìpínlẹ̀ Oyo ti wá kéde pé EFCC ń dún mọ̀huru mọ́ àwọn òṣìṣẹ́ ìjọba lásán ni.,Adajọ Agomoh ni ki Abiodun lọ sẹwọn osu meje, Faruq ni osu mejidinlogun, ki Oladimeji si lọ fi asọ penpe roko ọba fun osu mẹsan.,Ninu aworan naa ni ọmọdebinrin ọhun ti wa niwaju jagunjagun naa, ti awọn eeyan si n pe ọmọ naa ni akinkanju nitori bo ṣe n gbena woju ọmọ ogun ilẹ Russia.,Ṣíṣe àtúnṣe sí ìwé òfin yìí jẹ́ iṣẹ́ kan gbòógì tí ilé ìgbìmọ̀ aṣòfin ẹlẹ́kẹ̀ẹ̀sán lábẹ́ ìdarí Ahmed Lawan àti Femi Gbajabiamila yoo ṣe.,Ọjọ kọkanla, oṣu kẹta ni Oloye Lekan Balogun yoo gb'ade gẹgẹ bi Olubadan tuntun.,Kíni o yẹ ki o mọ nipa ayajọ ọjọruu eeru ti àwọn ijọ Katoliiki Aguda ma fi n bẹrẹ awẹ Lẹnti Kristieni?,Ikọ̀ aṣojú ìjọba àpapọ̀ tí Mínísítà fọ̀rọ̀ òṣìṣẹ́, Chris Ngige darí níbi ìpàdé náà kò ríbi pẹ̀tù sí àwọn olùkọ́ náà láti ṣéwélé ìyanṣẹ́lódì tí wọ́n gùnlé.,Ilé ẹjọ́ ju obìnrin ẹnu ọdún mẹ́rìndínlógójì sẹ́wọ̀n ọdún mẹ́ta àti àbọ̀ fẹ́sùn fífi abẹ ya ọmọ ọ̀dọ̀ rẹ̀ lára.,Ileesẹ ọrọ ilẹ okeere ni Ukraine ni ""awọn ọdaran lati Russia ko duro rara ninu iwa ailaju ti wọn n hu. Russia tumọ si Ara oko."",Igbimọ Olubadan ni ounyoo kede awọn ohun amuyẹ tuntun fun ẹni ti yoo ba jẹ Olubadan lẹyin ipade ti yoo waye laipẹ.,Gbajumọ osere tiata miran, Saidi Balogun, lo fi ikede iku obinrin naa sita ni aarọ ọjọ isẹgun loju opo Instagram rẹ.,Bí àwọn kan ṣe ń faramọ́ ìkọlù tí Russia ń ṣe sí Ukraine ni àwọn kan ń bú ẹnu àtẹ́ lu Ààrẹ Vladimir Putin fún ìgbésẹ̀ tó gbé yìí.,Igbesẹ ti FIFA gbe yi n waye pẹlu bi Russia ṣe ṣigun wọ Ukraine lọjọ diẹ sẹyin.,Awọn onwoye ere idaraya ati oloṣelu ni Russia ti bẹnu atẹ lu igbesẹ Uefa lati gba anfaani igbalejo idije yi ni St Petersburg kuro lọwọ wọ,Wọ́n dá àwọn agbábọ́ọ̀lù Super Falcons Nàìjíríà dúró fún wákàtí mẹ́ta ní pápákọ̀ òfurufú ìlú Abuja.,Olootu ijọba ẹkun kan ni Senegal fi orukọ Sadio Mane sọ papa iṣere lẹyin aṣeyọri rẹ ni Cameroon.,Jolaade Tela, salaye fun BBC Yoruba pe ọmọ ọdun mẹjọ ni oun wa, ti ìsọdipúpọ̀ fi rọ̀ oun lọ́rùn.,Samule Sobakin akọ́sẹ́mọsẹ́ atun ọkọ̀ se gbalejo BBC o sọ̀rs ilẹ̀ kun lori irinajo aye rẹ́.,ìkọlù Russia sí Ukraine mú àlékún bá iye owó oúnjẹ, gáàsì ìdáná, ọkọ̀ ìrìnnà, léyìí tó túmọ̀ sí pé nǹkan le wọ́n sí i lọ́jà.,BBC gbalejo aderiposonu MC Lively, o sọ bi irinajo rẹ̀ se bẹ̀rẹ̀ ki ori to fà á soke.,Khadijat Okunnu Lamidi sọ pe ile loun ti ba oṣelu ati pe iyipada gbọdọ wa nipa ṣiṣe oṣelu ni Naijiria.,Aarẹ Ona Kakanfo so wi pe ko si ẹni ti ko ni ku, sugbọn ẹni ba maa pẹ laye maa ra aye gbe ni.,Sola Sobowale sọ nípa ìrìn àjò láti ibi tí ó ti bẹ̀rẹ̀ pẹ̀lú àwọ́n iṣẹ́ tí ó ti ṣe àti ibi tí ó dé dúró.,Nínú ìdílé yìí, odi àti adití ni ọkọ àti ìyàwó, méjì nínú ọmọ mẹ́ta tí wọ́n bí sì tún ya odi pẹ̀lú.,Bí kò se le lo ọwọ́ rẹ̀ láti ṣe iṣẹ́ tó yàn láàyò, Toma ńlo ẹsẹ̀ rẹ̀ láti ya àwọn aworan tó rẹwà,Baba Ifayẹmi Ẹlẹbuibọn ni lootọ ni aajo oṣo wa ṣugbọn bi wọn ṣe n ṣee loni kọ ni Yoruba ṣe n ṣe e.,Femi Adesina lo salaye idi ti Aare Buhari se gbodo rirnirnajo naa lasiko yii.,Àjọ ọlọ́pàá ní ìwádìí ti bẹ̀rẹ̀ láti mọ ohun tó ṣokùnfà ikú ọkùnrin tó papòdà lẹ́yìn tó jẹran súkunsí.,Wọ́n fẹ̀sùn kan Victor Akinwa, ẹni ọdún mẹ́talelogun tó n se isẹ́ gẹrungẹ́run ní Idanre pe o pa Justus baba rẹ̀.,Die lara awon isele to sele ni Ukraine ni yii pelu aworan.,Bákan náà ni wọ́n pa ènìyàn mẹ́jọ, tí ọ̀pọ̀lọpọ̀ sì farapa níbi ìkọlù náà.,Ìpádé ìjọba àpapọ̀ àti ẹgbẹ́ àwọn akẹ́kọ̀ọ́ forí sọ́pọ́n láì ní ojútùú kan pàtó.,Amọ Lizzy Anjorin ti salaye pe nitori pe oun ko fun Esabod ni owo lo se n ba oun ni orukọ jẹ.,Dmitry Muratov tii se alami ẹyẹ lagbaye ni awọn ọrọ ti Putin n sọ lo n dun bii idunkooko taarata lati lo ado iku bii ohun ija.,Ilé ẹjọ́ Sidi M'Hamed tún ní kí Kheil tó ṣe Mínísítà lábẹ́ Ààrẹ Abdelaziz Bouteflika fún ọdún mẹ́wàá tún san owó ìtanràn mílíọ̀nù méjì dinars.,Awọn oṣoju mi koro sọ pe awọn agbebọn naa gbiyaju lati ji kabiesi naa gbe, amọ wọ dana ibọn fun lẹyin ti igbiyanju wọn fori ṣopọn.,Ọmọ Naijiria kan to n kẹkọọ nipa imọ iṣẹgun ni fasiti Kharkiv ni oun fẹsẹ rin fun wakati mọkanla lorumọju ki oun to de Medyka-Shehyni.,Awọn to pe ẹjọ naa ni adajọ agba Naijiria, Abubakar Malami, ati ajọ DSS.,Ọpọ ti wọn n ge ẹsẹ wọn nitori aisan itọ ṣuga lo lanfani ati dena rẹ ka ni wọn tete gbe igbesẹ to yẹ ni.,Aarẹ Volodymyr Zelensky ni oun ko gbagbọ pe ipade naa yoo so eso rere.,Adajọ Inyang Ekwo sọ pe akoko ti lọ lori iwe ẹbẹ ti Kyari kọ siwaju ile ẹjọ ọhun.,Ọ̀pọ̀lọpọ̀ epo tó ń wọ Nàìjíríà ló jẹ́ pé láti ẹkùn orílẹ̀-èdè tó ń kọjú ogun síra wọn ló ti ń wá tí ìdíwọ́ sì le wà fún wọn lọ́wọ́ yìí nítorí ìkọlù tí Russia ń gbé kojú Ukraine.,Ero gbogbo nile Ifẹ loni nibi ti aṣekagba ọdun Aje ti n waye.,Ninu atẹjade kan ti ọọfisi ijọba Naijiria to wa ni Hungary ati Romania fi lede, wọn ni awọn eeyan naa le wọ awọn orilẹ-ede ọhun bayii.,Idi pataki meta ree ti orile-ede Russia se kọlu Ukraine.,Osun APC primaries fallout: Gómìnà Oyetola ní òun kò ní ìkùnsínú sí àwọn tó bá a du àṣíá ìdíje gómìnà ní APC,Pẹlu oniruuru ibẹru ti awọn eeyan n ni si abẹrẹ Covid-19, bi yoo ba ṣiṣẹ-kiṣẹ, ẹ wo asiko ti yóò dahun lara yin.,Wo àwọn tó le jẹ ànàfàní físà ìwé ìrìnnà láì ṣe ìfọ̀rọ̀wánilẹ́nuwò naa.,Lati ọdun 2019, ko din ni miliọnu lọna ọọdunrun ati aadọta eeyan to ri fara kasa arun naa kaakiri agbaye.,Igbimọ tẹẹkoto ti aarẹ gbe kalẹ naa ni orilẹede Naijiria ti ko wọ inu ọwọ kẹrin ọwọja kokoro arun COVID-19,Naijiria ni orile-ede Afrika ti eeyan pọju nibe ti awọn eeyan ilẹ naa di fẹ wọ igba mílíọ̀nù.,Orilẹede Canada ni awọn ti ni ẹni meji to wọle lati orilẹede Naijiria pẹlu arun Covid-19 Omicron Variant.,Ẹgbẹ awọn dokita onimọ nipa awọ ara nilẹ Britain ni akọsilẹ oniruuru aisan ara to lee ni ṣe pẹlu Covid.,Eniyan nilo ounjẹ lati lee dagba ki o si wa laye.,Nnkan bii ọgọsan ẹgbẹrun eeyan lo ti ko arun naa, ti ẹgbẹrun meji ati igba o din marun un eeyan si ti ti ara rẹ ku."
,
,
,
"Ilé ẹjọ́ fi Rahman Adedoyin pamọ́ sí ọgbà ẹ̀wọ̀n bí ìgbẹ́jọ́ ikú Timothy Adegoke ṣe bẹ̀rẹ̀ l'Osun,Gbọ́, ,Ìṣẹ́jú kan BBC,, Duration 1,02,Ṣé lóòtọ́ ni Sunday Igboho ti gba ìtúsílẹ̀ nínú ọgbà ẹ̀wọ̀n Benin Republic?,Fídíò, ,Àgbéyẹ̀wò aáwọ̀ àárín Russia àti Ukraine- Oyeniyi Bukola tó jẹ́ akọ́sẹ́mọsẹ́ olùkọ́ nípa ìtàn ilẹ̀ Yúròòpù,, Duration 9,34,Ọmọ ọdún 15 tí wọ́n fẹ̀sùn kàn pé ó bá ọmọ ọdún mẹ́jọ lòpọ̀ fojú balé ẹjọ́ l'Eko","Ìgbẹ́jọ́ Ramon Adedoyin tó ni ìtura Hilton, Ilé Ifẹ̀ àti àwọn afurasí mẹ́fa mìíràn tó ń kojú ẹ̀sùn níní ọ́wọ́ nínú ikú Timothy Adegoke tó kú sí ilé ìtura náà ń tẹ̀síwájú lónìí.,Àkójọpọ̀ ìsẹ̀lẹ̀ jákèjádò àgbáyé láàárín ìṣẹ́jú kan lórí BBC.,Ninu atẹjade kan lori ayelujara lo ti sọ ọrọ naa.,Ojọ̀gbọ̀n Bukola Oyeniyi to jẹ́ akọ́sẹ́mọsẹ́ nipa itan ilẹ̀ Yuroopu sọrọ nipa ipa ńlá ti àwọn orílẹ̀-èdè méjéèjì ń kó lórí ètò àgbáyé.,Ọlọpaa to n ṣe ẹjọ ọhun ṣalaye fun ile ẹjọ naa pe afurasi wu iwa ọdanran naa ni adugbo Oladejo, ni Araromi, Badagry, nipinlẹ Eko."
Ilé ẹjọ́ fi Rahman Adedoyin pamọ́ sí ọgbà ẹ̀wọ̀n bí ìgbẹ́jọ́ ikú Timothy Adegoke ṣe bẹ̀rẹ̀ l'Osun,"Ìgbẹ́jọ́ Ramon Adedoyin tó ni ìtura Hilton, Ilé Ifẹ̀ àti àwọn afurasí mẹ́fa mìíràn tó ń kojú ẹ̀sùn níní ọ́wọ́ nínú ikú Timothy Adegoke tó kú sí ilé ìtura náà ń tẹ̀síwájú lónìí."
,
,
,
,
Ilé ẹjọ́ fi Rahman Adedoyin pamọ́ sí ọgbà ẹ̀wọ̀n bí ìgbẹ́jọ́ ikú Timothy Adegoke ṣe bẹ̀rẹ̀ l'Osun,"Ìgbẹ́jọ́ Ramon Adedoyin tó ni ìtura Hilton, Ilé Ifẹ̀ àti àwọn afurasí mẹ́fa mìíràn tó ń kojú ẹ̀sùn níní ọ́wọ́ nínú ikú Timothy Adegoke tó kú sí ilé ìtura náà ń tẹ̀síwájú lónìí."
"Gbọ́, ,Ìṣẹ́jú kan BBC,, Duration 1,02",Àkójọpọ̀ ìsẹ̀lẹ̀ jákèjádò àgbáyé láàárín ìṣẹ́jú kan lórí BBC.
,
,
,
,
,
,
,
,
"Gbọ́, ,Ìṣẹ́jú kan BBC,, Duration 1,02",Àkójọpọ̀ ìsẹ̀lẹ̀ jákèjádò àgbáyé láàárín ìṣẹ́jú kan lórí BBC.
Ṣé lóòtọ́ ni Sunday Igboho ti gba ìtúsílẹ̀ nínú ọgbà ẹ̀wọ̀n Benin Republic?,Ninu atẹjade kan lori ayelujara lo ti sọ ọrọ naa.
,
,
,
,
,
,
Ṣé lóòtọ́ ni Sunday Igboho ti gba ìtúsílẹ̀ nínú ọgbà ẹ̀wọ̀n Benin Republic?,Ninu atẹjade kan lori ayelujara lo ti sọ ọrọ naa.
"Fídíò, ,Àgbéyẹ̀wò aáwọ̀ àárín Russia àti Ukraine- Oyeniyi Bukola tó jẹ́ akọ́sẹ́mọsẹ́ olùkọ́ nípa ìtàn ilẹ̀ Yúròòpù,, Duration 9,34",Ojọ̀gbọ̀n Bukola Oyeniyi to jẹ́ akọ́sẹ́mọsẹ́ nipa itan ilẹ̀ Yuroopu sọrọ nipa ipa ńlá ti àwọn orílẹ̀-èdè méjéèjì ń kó lórí ètò àgbáyé.
,
,
,
,
,
,
,
,
"Fídíò, ,Àgbéyẹ̀wò aáwọ̀ àárín Russia àti Ukraine- Oyeniyi Bukola tó jẹ́ akọ́sẹ́mọsẹ́ olùkọ́ nípa ìtàn ilẹ̀ Yúròòpù,, Duration 9,34",Ojọ̀gbọ̀n Bukola Oyeniyi to jẹ́ akọ́sẹ́mọsẹ́ nipa itan ilẹ̀ Yuroopu sọrọ nipa ipa ńlá ti àwọn orílẹ̀-èdè méjéèjì ń kó lórí ètò àgbáyé.
Ọmọ ọdún 15 tí wọ́n fẹ̀sùn kàn pé ó bá ọmọ ọdún mẹ́jọ lòpọ̀ fojú balé ẹjọ́ l'Eko,"Ọlọpaa to n ṣe ẹjọ ọhun ṣalaye fun ile ẹjọ naa pe afurasi wu iwa ọdanran naa ni adugbo Oladejo, ni Araromi, Badagry, nipinlẹ Eko."
,
,
,
,
,
,
Ọmọ ọdún 15 tí wọ́n fẹ̀sùn kàn pé ó bá ọmọ ọdún mẹ́jọ lòpọ̀ fojú balé ẹjọ́ l'Eko,"Ọlọpaa to n ṣe ẹjọ ọhun ṣalaye fun ile ẹjọ naa pe afurasi wu iwa ọdanran naa ni adugbo Oladejo, ni Araromi, Badagry, nipinlẹ Eko."
,
,
,
Ìjọba àpapọ̀ fún Amẹ́ríkà láṣẹ láti gbé Abba Kyari fún ìgbẹ́jọ́,Nàìjíríà ti buwọ́lu ìbéèrè orílẹ̀ èdè Amẹ́ríkà láti fi ọ̀gá ọlọ́pàá Abba Kyari ráńṣẹ́ sí orílẹ̀ èdè náà láti lọ kojú ìgbẹ́jọ́ ẹ̀sùn ìwà àjẹbánu tí wọ́n fi kàn án.
Ìjọba àpapọ̀ fún Amẹ́ríkà láṣẹ láti gbé Abba Kyari fún ìgbẹ́jọ́,Nàìjíríà ti buwọ́lu ìbéèrè orílẹ̀ èdè Amẹ́ríkà láti fi ọ̀gá ọlọ́pàá Abba Kyari ráńṣẹ́ sí orílẹ̀ èdè náà láti lọ kojú ìgbẹ́jọ́ ẹ̀sùn ìwà àjẹbánu tí wọ́n fi kàn án.
,
,
,
,
,
,
"Fídíò, ,Bíbọ Ajé máaa ń mú kí ènìyàn gbèrú lẹ́nu iṣẹ́ àti okoòwò,, Duration 5,45","Wọ́n ni pe tí a bá bi ọmọ tuntun, kò sí kí a má bọ Ajé fún un kó le ní láárí"
,
,
,
,
,
,
,
,
"Fídíò, ,Bíbọ Ajé máaa ń mú kí ènìyàn gbèrú lẹ́nu iṣẹ́ àti okoòwò,, Duration 5,45","Wọ́n ni pe tí a bá bi ọmọ tuntun, kò sí kí a má bọ Ajé fún un kó le ní láárí"
Kíni ó wà nínú lẹ́tà tí ọkùnrin tí wọ́n bá òkú rẹ̀ pẹ̀lú obìnrin kan nínú mọ́tò kọ sí aya rẹ̀?,Iroyin to gbode kan ni pe wọ́n ba oku ololufe meji ninu ọkọ̀ Sienna kan ni agbegbe Mowe - Ibafo ni ipinle Ogun.
,
,
,
,
,
,
Kíni ó wà nínú lẹ́tà tí ọkùnrin tí wọ́n bá òkú rẹ̀ pẹ̀lú obìnrin kan nínú mọ́tò kọ sí aya rẹ̀?,Iroyin to gbode kan ni pe wọ́n ba oku ololufe meji ninu ọkọ̀ Sienna kan ni agbegbe Mowe - Ibafo ni ipinle Ogun.
Ìdí tí mi ò fi kópa níbi ìpàdé ìpẹ̀tùsááwọ̀ láàárín èmi àti Aregbesola nìyìí – Tinubu,"Tinubu ní wọn kò pé òun sí ìpàdé ìpẹ̀tùsááwọ̀ láàárín òun àti Mínísítà fọ́rọ̀ abẹ́lé, Rauf Aregbesola."
,
,
,
,
,
,
Ìdí tí mi ò fi kópa níbi ìpàdé ìpẹ̀tùsááwọ̀ láàárín èmi àti Aregbesola nìyìí – Tinubu,"Tinubu ní wọn kò pé òun sí ìpàdé ìpẹ̀tùsááwọ̀ láàárín òun àti Mínísítà fọ́rọ̀ abẹ́lé, Rauf Aregbesola."
"MC Oluomo, ilá rẹ fẹ́ máa ga ju onírè lọ - NURTW",Awọn alaṣẹ apapọ ẹgbẹ NURTW ni tọọgi ni MC Oluọmọ n ran sawọn alatako rẹ l' Eko
,
,
,
,
,
,
"MC Oluomo, ilá rẹ fẹ́ máa ga ju onírè lọ - NURTW",Awọn alaṣẹ apapọ ẹgbẹ NURTW ni tọọgi ni MC Oluọmọ n ran sawọn alatako rẹ l' Eko
Àwọn ọmọ Nàìjíríà tó wà ní Ukraine yóò máa dé láti òní lọ- Mínísítà fọ́rọ̀ ilẹ̀ òkèèrè,"Mínísítà fọ́rọ̀ ilẹ̀ òkèrè, Geoffrey Onyema ti ni àwọn ọmọ Nàìjíríà kan tó wà ní orílẹ̀ èdè Ukraine tí Russia ń gbógun kọlù kò fẹ́ kúrò ní orílẹ̀ èdè náà padà wálé."
,
,
,
,
,
,
Àwọn ọmọ Nàìjíríà tó wà ní Ukraine yóò máa dé láti òní lọ- Mínísítà fọ́rọ̀ ilẹ̀ òkèèrè,"Mínísítà fọ́rọ̀ ilẹ̀ òkèrè, Geoffrey Onyema ti ni àwọn ọmọ Nàìjíríà kan tó wà ní orílẹ̀ èdè Ukraine tí Russia ń gbógun kọlù kò fẹ́ kúrò ní orílẹ̀ èdè náà padà wálé."
Wo iye èèyàn Ukraine àti àjòjì tó ti kú láti ìgbà tí Russia ti gbógun ti Ukriane,"Yatọ si ẹgbẹrun meji eeyan yii, awọn oṣiṣẹ pajawiri mẹwaa lo tun ti ba ogun naa lọ."
,
,
,
,
,
,
Wo iye èèyàn Ukraine àti àjòjì tó ti kú láti ìgbà tí Russia ti gbógun ti Ukriane,"Yatọ si ẹgbẹrun meji eeyan yii, awọn oṣiṣẹ pajawiri mẹwaa lo tun ti ba ogun naa lọ."
"NÍ YÀJÓYÀJÓ ,Ọmọ ogun Russia bíi 500 ló ti bá ogun lọ ní Ukraine","Ileesẹ iroyin kan ni Ruissia jabọ pe ẹẹdẹgbẹta din meji (498) ọmọ ogun ilẹ naa lo ti ba ogun naa lọ, nigba ti awọn 1,597 ti farapa loju ogun."
,
,
,
,
,
,
"NÍ YÀJÓYÀJÓ ,Ọmọ ogun Russia bíi 500 ló ti bá ogun lọ ní Ukraine","Ileesẹ iroyin kan ni Ruissia jabọ pe ẹẹdẹgbẹta din meji (498) ọmọ ogun ilẹ naa lo ti ba ogun naa lọ, nigba ti awọn 1,597 ti farapa loju ogun."
kí ló ń fa rúgúdù láàrín ìjọba ìpínlẹ̀ Oyo àti àjọ EFCC,Ìjọba ìpínlẹ̀ Oyo ti wá kéde pé EFCC ń dún mọ̀huru mọ́ àwọn òṣìṣẹ́ ìjọba lásán ni.
,
,
,
,
,
,
kí ló ń fa rúgúdù láàrín ìjọba ìpínlẹ̀ Oyo àti àjọ EFCC,Ìjọba ìpínlẹ̀ Oyo ti wá kéde pé EFCC ń dún mọ̀huru mọ́ àwọn òṣìṣẹ́ ìjọba lásán ni.
"Ewé sunko fàwọn oníjìbìtì ayélujára mẹ́ta, wò dúkìá tí wọ́n jọwọ fún ìjọba","Adajọ Agomoh ni ki Abiodun lọ sẹwọn osu meje, Faruq ni osu mejidinlogun, ki Oladimeji si lọ fi asọ penpe roko ọba fun osu mẹsan."
,
,
,
,
,
,
"Ewé sunko fàwọn oníjìbìtì ayélujára mẹ́ta, wò dúkìá tí wọ́n jọwọ fún ìjọba","Adajọ Agomoh ni ki Abiodun lọ sẹwọn osu meje, Faruq ni osu mejidinlogun, ki Oladimeji si lọ fi asọ penpe roko ọba fun osu mẹsan."
,
,
,
Ṣé lóòtọ́ ni pé Russia yóò kógun ja Naijiria àti pé ọmodébìnrin Ukraine gbéná wojú ọmọ ogun Russia?,"Ninu aworan naa ni ọmọdebinrin ọhun ti wa niwaju jagunjagun naa, ti awọn eeyan si n pe ọmọ naa ni akinkanju nitori bo ṣe n gbena woju ọmọ ogun ilẹ Russia."
Ṣé lóòtọ́ ni pé Russia yóò kógun ja Naijiria àti pé ọmodébìnrin Ukraine gbéná wojú ọmọ ogun Russia?,"Ninu aworan naa ni ọmọdebinrin ọhun ti wa niwaju jagunjagun naa, ti awọn eeyan si n pe ọmọ naa ni akinkanju nitori bo ṣe n gbena woju ọmọ ogun ilẹ Russia."
,
,
,
,
,
,
Àwọn obìnrin bẹ̀rẹ̀ ìwọ́de lẹ̀yìn tí àwọn aṣòfin kọ̀ láti buwọ́lù òfin tí yóò ṣe wọ́n láàfàní,Ṣíṣe àtúnṣe sí ìwé òfin yìí jẹ́ iṣẹ́ kan gbòógì tí ilé ìgbìmọ̀ aṣòfin ẹlẹ́kẹ̀ẹ̀sán lábẹ́ ìdarí Ahmed Lawan àti Femi Gbajabiamila yoo ṣe.
,
,
,
,
,
,
Àwọn obìnrin bẹ̀rẹ̀ ìwọ́de lẹ̀yìn tí àwọn aṣòfin kọ̀ láti buwọ́lù òfin tí yóò ṣe wọ́n láàfàní,Ṣíṣe àtúnṣe sí ìwé òfin yìí jẹ́ iṣẹ́ kan gbòógì tí ilé ìgbìmọ̀ aṣòfin ẹlẹ́kẹ̀ẹ̀sán lábẹ́ ìdarí Ahmed Lawan àti Femi Gbajabiamila yoo ṣe.
"Obasanjo bẹ Olubadan tuntun wo, mọ́ínmọ́ín àti ògì ló fi ṣinu níbẹ́","Ọjọ kọkanla, oṣu kẹta ni Oloye Lekan Balogun yoo gb'ade gẹgẹ bi Olubadan tuntun."
,
,
,
,
,
,
"Obasanjo bẹ Olubadan tuntun wo, mọ́ínmọ́ín àti ògì ló fi ṣinu níbẹ́","Ọjọ kọkanla, oṣu kẹta ni Oloye Lekan Balogun yoo gb'ade gẹgẹ bi Olubadan tuntun."
Kíní ìtumọ̀ àyájọ́ Ọ̀jọ ''Ash Wednesday' tó wáyé lóní?,Kíni o yẹ ki o mọ nipa ayajọ ọjọruu eeru ti àwọn ijọ Katoliiki Aguda ma fi n bẹrẹ awẹ Lẹnti Kristieni?
,
,
,
,
,
,
Kíní ìtumọ̀ àyájọ́ Ọ̀jọ ''Ash Wednesday' tó wáyé lóní?,Kíni o yẹ ki o mọ nipa ayajọ ọjọruu eeru ti àwọn ijọ Katoliiki Aguda ma fi n bẹrẹ awẹ Lẹnti Kristieni?
Ìpàdé ìjọba àpapọ̀ àti ẹgbẹ́ ASUU tún forí sọ́pọ́n,"Ikọ̀ aṣojú ìjọba àpapọ̀ tí Mínísítà fọ̀rọ̀ òṣìṣẹ́, Chris Ngige darí níbi ìpàdé náà kò ríbi pẹ̀tù sí àwọn olùkọ́ náà láti ṣéwélé ìyanṣẹ́lódì tí wọ́n gùnlé."
,
,
,
,
,
,
Ìpàdé ìjọba àpapọ̀ àti ẹgbẹ́ ASUU tún forí sọ́pọ́n,"Ikọ̀ aṣojú ìjọba àpapọ̀ tí Mínísítà fọ̀rọ̀ òṣìṣẹ́, Chris Ngige darí níbi ìpàdé náà kò ríbi pẹ̀tù sí àwọn olùkọ́ náà láti ṣéwélé ìyanṣẹ́lódì tí wọ́n gùnlé."
Omoyeni rí ẹ̀wọ̀n he fẹ́sùn fífi abẹ ya ọmọ ọ̀dọ̀ rẹ̀ lára,Ilé ẹjọ́ ju obìnrin ẹnu ọdún mẹ́rìndínlógójì sẹ́wọ̀n ọdún mẹ́ta àti àbọ̀ fẹ́sùn fífi abẹ ya ọmọ ọ̀dọ̀ rẹ̀ lára.
,
,
,
,
,
,
Omoyeni rí ẹ̀wọ̀n he fẹ́sùn fífi abẹ ya ọmọ ọ̀dọ̀ rẹ̀ lára,Ilé ẹjọ́ ju obìnrin ẹnu ọdún mẹ́rìndínlógójì sẹ́wọ̀n ọdún mẹ́ta àti àbọ̀ fẹ́sùn fífi abẹ ya ọmọ ọ̀dọ̀ rẹ̀ lára.
Ìwà àìlajú ní Russia hù bó ṣe kọlu ọ̀wọ̀n ìràntí ìṣekúpani - Ukraine,"Ileesẹ ọrọ ilẹ okeere ni Ukraine ni ""awọn ọdaran lati Russia ko duro rara ninu iwa ailaju ti wọn n hu. Russia tumọ si Ara oko."""
,
,
,
,
,
,
Ìwà àìlajú ní Russia hù bó ṣe kọlu ọ̀wọ̀n ìràntí ìṣekúpani - Ukraine,"Ileesẹ ọrọ ilẹ okeere ni Ukraine ni ""awọn ọdaran lati Russia ko duro rara ninu iwa ailaju ti wọn n hu. Russia tumọ si Ara oko."""
"Ìlù ti yí, orin ti séńjì! Ẹni tí yóò jẹ Olubadan yóò ní àmúyẹ tuntun - Ìgbìmọ̀ Olubadan",Igbimọ Olubadan ni ounyoo kede awọn ohun amuyẹ tuntun fun ẹni ti yoo ba jẹ Olubadan lẹyin ipade ti yoo waye laipẹ.
,
,
,
,
,
,
"Ìlù ti yí, orin ti séńjì! Ẹni tí yóò jẹ Olubadan yóò ní àmúyẹ tuntun - Ìgbìmọ̀ Olubadan",Igbimọ Olubadan ni ounyoo kede awọn ohun amuyẹ tuntun fun ẹni ti yoo ba jẹ Olubadan lẹyin ipade ti yoo waye laipẹ.
Gbajúmọ̀ òṣèré tíátà míì ti jáde láyé,"Gbajumọ osere tiata miran, Saidi Balogun, lo fi ikede iku obinrin naa sita ni aarọ ọjọ isẹgun loju opo Instagram rẹ."
,
,
,
,
,
,
Gbajúmọ̀ òṣèré tíátà míì ti jáde láyé,"Gbajumọ osere tiata miran, Saidi Balogun, lo fi ikede iku obinrin naa sita ni aarọ ọjọ isẹgun loju opo Instagram rẹ."
Wo àwọn orílẹ̀-èdè tó ń ṣàtìlẹyìn fún Russia àti àwọn tó wà lẹ́yìn Ukraine,Bí àwọn kan ṣe ń faramọ́ ìkọlù tí Russia ń ṣe sí Ukraine ni àwọn kan ń bú ẹnu àtẹ́ lu Ààrẹ Vladimir Putin fún ìgbésẹ̀ tó gbé yìí.
,
,
,
,
,
,
Wo àwọn orílẹ̀-èdè tó ń ṣàtìlẹyìn fún Russia àti àwọn tó wà lẹ́yìn Ukraine,Bí àwọn kan ṣe ń faramọ́ ìkọlù tí Russia ń ṣe sí Ukraine ni àwọn kan ń bú ẹnu àtẹ́ lu Ààrẹ Vladimir Putin fún ìgbésẹ̀ tó gbé yìí.
,
,
,
FIFA pàṣẹ pé Russia kò gbọdọ̀ díje pẹ̀lú àṣíá orílẹ̀èdè rẹ̀,Igbesẹ ti FIFA gbe yi n waye pẹlu bi Russia ṣe ṣigun wọ Ukraine lọjọ diẹ sẹyin.
,
,
,
,
,
,
FIFA pàṣẹ pé Russia kò gbọdọ̀ díje pẹ̀lú àṣíá orílẹ̀èdè rẹ̀,Igbesẹ ti FIFA gbe yi n waye pẹlu bi Russia ṣe ṣigun wọ Ukraine lọjọ diẹ sẹyin.
UEFA gba àǹfàní ìgbàlejò àsekágbá ìdíje Champions League kúrò lọ́wọ́ Russia,Awọn onwoye ere idaraya ati oloṣelu ni Russia ti bẹnu atẹ lu igbesẹ Uefa lati gba anfaani igbalejo idije yi ni St Petersburg kuro lọwọ wọ
,
,
,
,
,
,
UEFA gba àǹfàní ìgbàlejò àsekágbá ìdíje Champions League kúrò lọ́wọ́ Russia,Awọn onwoye ere idaraya ati oloṣelu ni Russia ti bẹnu atẹ lu igbesẹ Uefa lati gba anfaani igbalejo idije yi ni St Petersburg kuro lọwọ wọ
Kílódé tí wọ́n ti ìlẹ̀kùn mọ́ Super Falcons ni pápákọ̀ òfurufú l'Abuja?,Wọ́n dá àwọn agbábọ́ọ̀lù Super Falcons Nàìjíríà dúró fún wákàtí mẹ́ta ní pápákọ̀ òfurufú ìlú Abuja.
,
,
,
,
,
,
Kílódé tí wọ́n ti ìlẹ̀kùn mọ́ Super Falcons ni pápákọ̀ òfurufú l'Abuja?,Wọ́n dá àwọn agbábọ́ọ̀lù Super Falcons Nàìjíríà dúró fún wákàtí mẹ́ta ní pápákọ̀ òfurufú ìlú Abuja.
Wọ́n ti fi orúkọ Sadio MAne sọ pápá ìṣeré kan ní Senegal,Olootu ijọba ẹkun kan ni Senegal fi orukọ Sadio Mane sọ papa iṣere lẹyin aṣeyọri rẹ ni Cameroon.
,
,
,
,
,
,
Wọ́n ti fi orúkọ Sadio MAne sọ pápá ìṣeré kan ní Senegal,Olootu ijọba ẹkun kan ni Senegal fi orukọ Sadio Mane sọ papa iṣere lẹyin aṣeyọri rẹ ni Cameroon.
,
,
,
"Fídíò, ,Láì lo Kakulétọ̀, mo ní ọpọlọ ìṣirò, tábìlì ìṣirò wà lórí mi - Human Calculator,, Duration 3,01","Jolaade Tela, salaye fun BBC Yoruba pe ọmọ ọdun mẹjọ ni oun wa, ti ìsọdipúpọ̀ fi rọ̀ oun lọ́rùn."
"Fídíò, ,Láì lo Kakulétọ̀, mo ní ọpọlọ ìṣirò, tábìlì ìṣirò wà lórí mi - Human Calculator,, Duration 3,01","Jolaade Tela, salaye fun BBC Yoruba pe ọmọ ọdun mẹjọ ni oun wa, ti ìsọdipúpọ̀ fi rọ̀ oun lọ́rùn."
,
,
,
,
,
,
,
,
"Fídíò, ,Nítòótọ́ àfọ́jú ni mí sùgbọ́n kò sí mọ́tò tí mi ò le ṣe nítorí iṣẹ́ tí mo kọ́ láti ilẹ̀ ni,, Duration 5,37",Samule Sobakin akọ́sẹ́mọsẹ́ atun ọkọ̀ se gbalejo BBC o sọ̀rs ilẹ̀ kun lori irinajo aye rẹ́.
,
,
,
,
,
,
,
,
"Fídíò, ,Nítòótọ́ àfọ́jú ni mí sùgbọ́n kò sí mọ́tò tí mi ò le ṣe nítorí iṣẹ́ tí mo kọ́ láti ilẹ̀ ni,, Duration 5,37",Samule Sobakin akọ́sẹ́mọsẹ́ atun ọkọ̀ se gbalejo BBC o sọ̀rs ilẹ̀ kun lori irinajo aye rẹ́.
"Fídíò, ,Wo ohun tó fa ìjà Ukraine àti Russia pẹ̀lú bí o se kàn ọ́ báyìí,, Duration 4,13","ìkọlù Russia sí Ukraine mú àlékún bá iye owó oúnjẹ, gáàsì ìdáná, ọkọ̀ ìrìnnà, léyìí tó túmọ̀ sí pé nǹkan le wọ́n sí i lọ́jà."
,
,
,
,
,
,
,
,
"Fídíò, ,Wo ohun tó fa ìjà Ukraine àti Russia pẹ̀lú bí o se kàn ọ́ báyìí,, Duration 4,13","ìkọlù Russia sí Ukraine mú àlékún bá iye owó oúnjẹ, gáàsì ìdáná, ọkọ̀ ìrìnnà, léyìí tó túmọ̀ sí pé nǹkan le wọ́n sí i lọ́jà."
"Fídíò, ,Lẹ́yìn tí mo gba N5,000 ní owó osù àkọ́kọ́ ni mo fi isẹ́ agbẹjọ́rò sílẹ̀ lọ bẹ̀rẹ̀ àwàdà- McLively,, Duration 6,29","BBC gbalejo aderiposonu MC Lively, o sọ bi irinajo rẹ̀ se bẹ̀rẹ̀ ki ori to fà á soke."
,
,
,
,
,
,
,
,
"Fídíò, ,Lẹ́yìn tí mo gba N5,000 ní owó osù àkọ́kọ́ ni mo fi isẹ́ agbẹjọ́rò sílẹ̀ lọ bẹ̀rẹ̀ àwàdà- McLively,, Duration 6,29","BBC gbalejo aderiposonu MC Lively, o sọ bi irinajo rẹ̀ se bẹ̀rẹ̀ ki ori to fà á soke."
"Fídíò, ,A kò tíì mọ ẹgbẹ́ òṣèlú tí a máa bá lọ sùgbọ́n a ti mọ̀ àwọn méjì tí a kò fẹ́- Khadijat Okunnu-Lamidi,, Duration 6,28",Khadijat Okunnu Lamidi sọ pe ile loun ti ba oṣelu ati pe iyipada gbọdọ wa nipa ṣiṣe oṣelu ni Naijiria.
,
,
,
,
,
,
,
,
"Fídíò, ,A kò tíì mọ ẹgbẹ́ òṣèlú tí a máa bá lọ sùgbọ́n a ti mọ̀ àwọn méjì tí a kò fẹ́- Khadijat Okunnu-Lamidi,, Duration 6,28",Khadijat Okunnu Lamidi sọ pe ile loun ti ba oṣelu ati pe iyipada gbọdọ wa nipa ṣiṣe oṣelu ni Naijiria.
"Fídíò, ,Sé òtítọ́ ni pé Aarẹ Ona Kakanfo ilẹ̀ Yorùbá kìi pẹ́ láyé?,, Duration 1,22","Aarẹ Ona Kakanfo so wi pe ko si ẹni ti ko ni ku, sugbọn ẹni ba maa pẹ laye maa ra aye gbe ni."
,
,
,
,
,
,
,
,
"Fídíò, ,Sé òtítọ́ ni pé Aarẹ Ona Kakanfo ilẹ̀ Yorùbá kìi pẹ́ láyé?,, Duration 1,22","Aarẹ Ona Kakanfo so wi pe ko si ẹni ti ko ni ku, sugbọn ẹni ba maa pẹ laye maa ra aye gbe ni."
"Fídíò, ,Iṣẹ́ tí Ọlọ́run kọ mọ́ mi ni mò ń ṣe -Ṣọla Ṣobọwale,, Duration 2,57",Sola Sobowale sọ nípa ìrìn àjò láti ibi tí ó ti bẹ̀rẹ̀ pẹ̀lú àwọ́n iṣẹ́ tí ó ti ṣe àti ibi tí ó dé dúró.
,
,
,
,
,
,
,
,
"Fídíò, ,Iṣẹ́ tí Ọlọ́run kọ mọ́ mi ni mò ń ṣe -Ṣọla Ṣobọwale,, Duration 2,57",Sola Sobowale sọ nípa ìrìn àjò láti ibi tí ó ti bẹ̀rẹ̀ pẹ̀lú àwọ́n iṣẹ́ tí ó ti ṣe àti ibi tí ó dé dúró.
"Fídíò, ,Àwọn òbí àti àbúrò mi kò le sọ̀rọ̀, ẹ̀mi nìkan ni mo lè sọ̀rọ̀ nínú ìdílé wa - Ifeoluwa,, Duration 6,35","Nínú ìdílé yìí, odi àti adití ni ọkọ àti ìyàwó, méjì nínú ọmọ mẹ́ta tí wọ́n bí sì tún ya odi pẹ̀lú."
,
,
,
,
,
,
,
,
"Fídíò, ,Àwọn òbí àti àbúrò mi kò le sọ̀rọ̀, ẹ̀mi nìkan ni mo lè sọ̀rọ̀ nínú ìdílé wa - Ifeoluwa,, Duration 6,35","Nínú ìdílé yìí, odi àti adití ni ọkọ àti ìyàwó, méjì nínú ọmọ mẹ́ta tí wọ́n bí sì tún ya odi pẹ̀lú."
"Fídíò, ,'Mo lè fi ẹsẹ̀ mi jẹun, fọṣọ, mó tún lè fi gbá ẹni tó bá ṣẹ̀ mí létí',, Duration 2,34","Bí kò se le lo ọwọ́ rẹ̀ láti ṣe iṣẹ́ tó yàn láàyò, Toma ńlo ẹsẹ̀ rẹ̀ láti ya àwọn aworan tó rẹwà"
,
,
,
,
,
,
,
,
"Fídíò, ,'Mo lè fi ẹsẹ̀ mi jẹun, fọṣọ, mó tún lè fi gbá ẹni tó bá ṣẹ̀ mí létí',, Duration 2,34","Bí kò se le lo ọwọ́ rẹ̀ láti ṣe iṣẹ́ tó yàn láàyò, Toma ńlo ẹsẹ̀ rẹ̀ láti ya àwọn aworan tó rẹwà"
"Fídíò, ,Lóòótọ́ lòògùn owó wà ṣùgbọ́n ayédèrú aláwo ló ń lo ẹ̀yà ara ènìyàn- Ẹlẹ́búìbọn,, Duration 5,43",Baba Ifayẹmi Ẹlẹbuibọn ni lootọ ni aajo oṣo wa ṣugbọn bi wọn ṣe n ṣee loni kọ ni Yoruba ṣe n ṣe e.
,
,
,
,
,
,
,
,
"Fídíò, ,Lóòótọ́ lòògùn owó wà ṣùgbọ́n ayédèrú aláwo ló ń lo ẹ̀yà ara ènìyàn- Ẹlẹ́búìbọn,, Duration 5,43",Baba Ifayẹmi Ẹlẹbuibọn ni lootọ ni aajo oṣo wa ṣugbọn bi wọn ṣe n ṣee loni kọ ni Yoruba ṣe n ṣe e.
,
,
,
Wo ìdí mẹ́ta tí Buhari fi ń rìnrìnàjò lónìí yàtọ́ sí pé ó ń lọ fún ìtọ́jú ara rẹ̀ ní London,Femi Adesina lo salaye idi ti Aare Buhari se gbodo rirnirnajo naa lasiko yii.
Wo ìdí mẹ́ta tí Buhari fi ń rìnrìnàjò lónìí yàtọ́ sí pé ó ń lọ fún ìtọ́jú ara rẹ̀ ní London,Femi Adesina lo salaye idi ti Aare Buhari se gbodo rirnirnajo naa lasiko yii.
,
,
,
,
,
,
Ọkùnrin kan dágbére fáyé lẹ́yìn ìbálòpọ̀ pẹ̀lú ọ̀rẹ́bìnrin rẹ̀,Àjọ ọlọ́pàá ní ìwádìí ti bẹ̀rẹ̀ láti mọ ohun tó ṣokùnfà ikú ọkùnrin tó papòdà lẹ́yìn tó jẹran súkunsí.
,
,
,
,
,
,
Ọkùnrin kan dágbére fáyé lẹ́yìn ìbálòpọ̀ pẹ̀lú ọ̀rẹ́bìnrin rẹ̀,Àjọ ọlọ́pàá ní ìwádìí ti bẹ̀rẹ̀ láti mọ ohun tó ṣokùnfà ikú ọkùnrin tó papòdà lẹ́yìn tó jẹran súkunsí.
"Victor Akinwa, afurasi tí wọ́n fẹ̀sùn kàn pé o gún orí bàbá rẹ̀ nínú odó ti kó sí gbaga ọ́lọ́pàá ní Ondo","Wọ́n fẹ̀sùn kan Victor Akinwa, ẹni ọdún mẹ́talelogun tó n se isẹ́ gẹrungẹ́run ní Idanre pe o pa Justus baba rẹ̀."
,
,
,
,
,
,
"Victor Akinwa, afurasi tí wọ́n fẹ̀sùn kàn pé o gún orí bàbá rẹ̀ nínú odó ti kó sí gbaga ọ́lọ́pàá ní Ondo","Wọ́n fẹ̀sùn kan Victor Akinwa, ẹni ọdún mẹ́talelogun tó n se isẹ́ gẹrungẹ́run ní Idanre pe o pa Justus baba rẹ̀."
"Àtẹ Àwòrán, ,Wo àwòràn ohun tó sẹlẹ̀ ní UKraine",Die lara awon isele to sele ni Ukraine ni yii pelu aworan.
,
,
,
,
,
,
,
,
"Àtẹ Àwòrán, ,Wo àwòràn ohun tó sẹlẹ̀ ní UKraine",Die lara awon isele to sele ni Ukraine ni yii pelu aworan.
"Àwọn agbébọn yabo ibi ètò ìgbéyàwó, jí ìyàwó gbé lọ","Bákan náà ni wọ́n pa ènìyàn mẹ́jọ, tí ọ̀pọ̀lọpọ̀ sì farapa níbi ìkọlù náà."
,
,
,
,
,
,
"Àwọn agbébọn yabo ibi ètò ìgbéyàwó, jí ìyàwó gbé lọ","Bákan náà ni wọ́n pa ènìyàn mẹ́jọ, tí ọ̀pọ̀lọpọ̀ sì farapa níbi ìkọlù náà."
Kí ló wáyé níbi ìpàdé NANS àti ìjọba àpapọ̀? àlàyé rèé,Ìpádé ìjọba àpapọ̀ àti ẹgbẹ́ àwọn akẹ́kọ̀ọ́ forí sọ́pọ́n láì ní ojútùú kan pàtó.
,
,
,
,
,
,
Kí ló wáyé níbi ìpàdé NANS àti ìjọba àpapọ̀? àlàyé rèé,Ìpádé ìjọba àpapọ̀ àti ẹgbẹ́ àwọn akẹ́kọ̀ọ́ forí sọ́pọ́n láì ní ojútùú kan pàtó.
Kí ló dé tí Esabod àti Lizzy Anjorin fi ń ṣépè fúnra wọn?,Amọ Lizzy Anjorin ti salaye pe nitori pe oun ko fun Esabod ni owo lo se n ba oun ni orukọ jẹ.
,
,
,
,
,
,
Kí ló dé tí Esabod àti Lizzy Anjorin fi ń ṣépè fúnra wọn?,Amọ Lizzy Anjorin ti salaye pe nitori pe oun ko fun Esabod ni owo lo se n ba oun ni orukọ jẹ.
Ṣé Putin yóò tẹ bọ́tìnì lílo àdó ikú bí?,Dmitry Muratov tii se alami ẹyẹ lagbaye ni awọn ọrọ ti Putin n sọ lo n dun bii idunkooko taarata lati lo ado iku bii ohun ija.
,
,
,
,
,
,
Ṣé Putin yóò tẹ bọ́tìnì lílo àdó ikú bí?,Dmitry Muratov tii se alami ẹyẹ lagbaye ni awọn ọrọ ti Putin n sọ lo n dun bii idunkooko taarata lati lo ado iku bii ohun ija.
Ilé ẹjọ́ ju Mínísítà sẹ́wọ̀n ogún ọdún fún ìwà àjẹbánu,Ilé ẹjọ́ Sidi M'Hamed tún ní kí Kheil tó ṣe Mínísítà lábẹ́ Ààrẹ Abdelaziz Bouteflika fún ọdún mẹ́wàá tún san owó ìtanràn mílíọ̀nù méjì dinars.
,
,
,
,
,
,
Ilé ẹjọ́ ju Mínísítà sẹ́wọ̀n ogún ọdún fún ìwà àjẹbánu,Ilé ẹjọ́ Sidi M'Hamed tún ní kí Kheil tó ṣe Mínísítà lábẹ́ Ààrẹ Abdelaziz Bouteflika fún ọdún mẹ́wàá tún san owó ìtanràn mílíọ̀nù méjì dinars.
"Àwọn agbébọn rọ́jò ìbọn fún Ọba aládé l'Ekiti, ó dèrò ilé ìwòsàn","Awọn oṣoju mi koro sọ pe awọn agbebọn naa gbiyaju lati ji kabiesi naa gbe, amọ wọ dana ibọn fun lẹyin ti igbiyanju wọn fori ṣopọn."
,
,
,
,
,
,
"Àwọn agbébọn rọ́jò ìbọn fún Ọba aládé l'Ekiti, ó dèrò ilé ìwòsàn","Awọn oṣoju mi koro sọ pe awọn agbebọn naa gbiyaju lati ji kabiesi naa gbe, amọ wọ dana ibọn fun lẹyin ti igbiyanju wọn fori ṣopọn."
,
,
,
Àwọn ọmọ Naijiria tó wà ní Ukraine ké gbàjarè lórí ìdẹ́yẹsí tí wọ́n ń kojú lẹ́nu ibodè EU,Ọmọ Naijiria kan to n kẹkọọ nipa imọ iṣẹgun ni fasiti Kharkiv ni oun fẹsẹ rin fun wakati mọkanla lorumọju ki oun to de Medyka-Shehyni.
Àwọn ọmọ Naijiria tó wà ní Ukraine ké gbàjarè lórí ìdẹ́yẹsí tí wọ́n ń kojú lẹ́nu ibodè EU,Ọmọ Naijiria kan to n kẹkọọ nipa imọ iṣẹgun ni fasiti Kharkiv ni oun fẹsẹ rin fun wakati mọkanla lorumọju ki oun to de Medyka-Shehyni.
,
,
,
,
,
,
Ìjọba àpapọ̀ tún ti wọ́ Sunday Igboho relé ẹjọ́,"Awọn to pe ẹjọ naa ni adajọ agba Naijiria, Abubakar Malami, ati ajọ DSS."
,
,
,
,
,
,
Ìjọba àpapọ̀ tún ti wọ́ Sunday Igboho relé ẹjọ́,"Awọn to pe ẹjọ naa ni adajọ agba Naijiria, Abubakar Malami, ati ajọ DSS."
"Fídíò, ,Wo ohun tó ń fà á tí wọ́n fi ń gé ẹsẹ̀ aláìsàn ìtọ̀ ṣúgà,Diabetes,, Duration 5,16",Ọpọ ti wọn n ge ẹsẹ wọn nitori aisan itọ ṣuga lo lanfani ati dena rẹ ka ni wọn tete gbe igbesẹ to yẹ ni.
,
,
,
,
,
,
,
,
"Fídíò, ,Wo ohun tó ń fà á tí wọ́n fi ń gé ẹsẹ̀ aláìsàn ìtọ̀ ṣúgà,Diabetes,, Duration 5,16",Ọpọ ti wọn n ge ẹsẹ wọn nitori aisan itọ ṣuga lo lanfani ati dena rẹ ka ni wọn tete gbe igbesẹ to yẹ ni.
Belarus ní ààyè ìpàdé ìpẹ̀tùsááwọ̀ láàrín Ukraine àti Russia ti wà níkàlẹ̀,Aarẹ Volodymyr Zelensky ni oun ko gbagbọ pe ipade naa yoo so eso rere.
,
,
,
,
,
,
Belarus ní ààyè ìpàdé ìpẹ̀tùsááwọ̀ láàrín Ukraine àti Russia ti wà níkàlẹ̀,Aarẹ Volodymyr Zelensky ni oun ko gbagbọ pe ipade naa yoo so eso rere.
"Ẹ̀bẹ̀ béèlì Abba Kyari kò ba mọ́, yóò lo ọjọ́ mẹ́rìnlá si ní àhámọ́ NDLEA - Iléẹjọ́",Adajọ Inyang Ekwo sọ pe akoko ti lọ lori iwe ẹbẹ ti Kyari kọ siwaju ile ẹjọ ọhun.
,
,
,
,
,
,
"Ẹ̀bẹ̀ béèlì Abba Kyari kò ba mọ́, yóò lo ọjọ́ mẹ́rìnlá si ní àhámọ́ NDLEA - Iléẹjọ́",Adajọ Inyang Ekwo sọ pe akoko ti lọ lori iwe ẹbẹ ti Kyari kọ siwaju ile ẹjọ ọhun.
Ọ̀wọ́ngógó epo bẹntiróòlù le tún peléke síi nítorí làásìgbò Russia àti Ukraine,Ọ̀pọ̀lọpọ̀ epo tó ń wọ Nàìjíríà ló jẹ́ pé láti ẹkùn orílẹ̀-èdè tó ń kọjú ogun síra wọn ló ti ń wá tí ìdíwọ́ sì le wà fún wọn lọ́wọ́ yìí nítorí ìkọlù tí Russia ń gbé kojú Ukraine.
,
,
,
,
,
,
Ọ̀wọ́ngógó epo bẹntiróòlù le tún peléke síi nítorí làásìgbò Russia àti Ukraine,Ọ̀pọ̀lọpọ̀ epo tó ń wọ Nàìjíríà ló jẹ́ pé láti ẹkùn orílẹ̀-èdè tó ń kọjú ogun síra wọn ló ti ń wá tí ìdíwọ́ sì le wà fún wọn lọ́wọ́ yìí nítorí ìkọlù tí Russia ń gbé kojú Ukraine.
Ta ni Ajé tí àwọn ọmọ Yorùbá lágbáyé ń ṣọdún rẹ̀ ní Ile Ife lónìí?,Ero gbogbo nile Ifẹ loni nibi ti aṣekagba ọdun Aje ti n waye.
,
,
,
,
,
,
Ta ni Ajé tí àwọn ọmọ Yorùbá lágbáyé ń ṣọdún rẹ̀ ní Ile Ife lónìí?,Ero gbogbo nile Ifẹ loni nibi ti aṣekagba ọdun Aje ti n waye.
Ọmọ Nàìjíríà tó há sí Ukraine kò nílò físà láti wọ Romania àti Poland- Ìjọba Nàìjíríà,"Ninu atẹjade kan ti ọọfisi ijọba Naijiria to wa ni Hungary ati Romania fi lede, wọn ni awọn eeyan naa le wọ awọn orilẹ-ede ọhun bayii."
,
,
,
,
,
,
Ọmọ Nàìjíríà tó há sí Ukraine kò nílò físà láti wọ Romania àti Poland- Ìjọba Nàìjíríà,"Ninu atẹjade kan ti ọọfisi ijọba Naijiria to wa ni Hungary ati Romania fi lede, wọn ni awọn eeyan naa le wọ awọn orilẹ-ede ọhun bayii."
Wo ìdí pàtàkì mẹ́ta tí Russia se kọlu Ukraine,Idi pataki meta ree ti orile-ede Russia se kọlu Ukraine.
,
,
,
,
,
,
Wo ìdí pàtàkì mẹ́ta tí Russia se kọlu Ukraine,Idi pataki meta ree ti orile-ede Russia se kọlu Ukraine.
Mi ò ní ìkùnsínú sí àwọn tó bá mi du àṣíá ìdíje gómìnà ní APC- Oyetola,Osun APC primaries fallout: Gómìnà Oyetola ní òun kò ní ìkùnsínú sí àwọn tó bá a du àṣíá ìdíje gómìnà ní APC
,
,
,
,
,
,
Mi ò ní ìkùnsínú sí àwọn tó bá mi du àṣíá ìdíje gómìnà ní APC- Oyetola,Osun APC primaries fallout: Gómìnà Oyetola ní òun kò ní ìkùnsínú sí àwọn tó bá a du àṣíá ìdíje gómìnà ní APC
,
,
,
"Lóòtọ́ abẹ́rẹ́ Covid-19 lée jẹ́ ṣẹ̀ṣẹ̀dé ayé, àmọ́ ẹ wo ìdí tí kò lè ṣe iṣẹ́kíṣẹ́ lára yín - Dókíta","Pẹlu oniruuru ibẹru ti awọn eeyan n ni si abẹrẹ Covid-19, bi yoo ba ṣiṣẹ-kiṣẹ, ẹ wo asiko ti yóò dahun lara yin."
,
,
,
,
,
,
"Lóòtọ́ abẹ́rẹ́ Covid-19 lée jẹ́ ṣẹ̀ṣẹ̀dé ayé, àmọ́ ẹ wo ìdí tí kò lè ṣe iṣẹ́kíṣẹ́ lára yín - Dókíta","Pẹlu oniruuru ibẹru ti awọn eeyan n ni si abẹrẹ Covid-19, bi yoo ba ṣiṣẹ-kiṣẹ, ẹ wo asiko ti yóò dahun lara yin."
U.S. yóò máa fún àwọn ọmo Nàìjíríà kan ní físà ìwé ìrìnnà láì ṣe ìfọ̀rọ̀wánilẹ́nuwò,Wo àwọn tó le jẹ ànàfàní físà ìwé ìrìnnà láì ṣe ìfọ̀rọ̀wánilẹ́nuwò naa.
,
,
,
,
,
,
U.S. yóò máa fún àwọn ọmo Nàìjíríà kan ní físà ìwé ìrìnnà láì ṣe ìfọ̀rọ̀wánilẹ́nuwò,Wo àwọn tó le jẹ ànàfàní físà ìwé ìrìnnà láì ṣe ìfọ̀rọ̀wánilẹ́nuwò naa.
Àwọn nǹkan mẹ́ta tí a kò tíì mọ̀ nípa Covid-19 lẹ́yìn tí àrùn náà bẹ́ sílẹ̀ rèé,"Lati ọdun 2019, ko din ni miliọnu lọna ọọdunrun ati aadọta eeyan to ri fara kasa arun naa kaakiri agbaye."
,
,
,
,
,
,
Àwọn nǹkan mẹ́ta tí a kò tíì mọ̀ nípa Covid-19 lẹ́yìn tí àrùn náà bẹ́ sílẹ̀ rèé,"Lati ọdun 2019, ko din ni miliọnu lọna ọọdunrun ati aadọta eeyan to ri fara kasa arun naa kaakiri agbaye."
"Ìjọba Nàìjíríà kéde ìlànà tuntun lórí COVID-19, Ó mú àdínkù bá ìye èèyàn tó lè wọ ṣọ́ọ̀ṣì, mọ́sáláṣí",Igbimọ tẹẹkoto ti aarẹ gbe kalẹ naa ni orilẹede Naijiria ti ko wọ inu ọwọ kẹrin ọwọja kokoro arun COVID-19
,
,
,
,
,
,
"Ìjọba Nàìjíríà kéde ìlànà tuntun lórí COVID-19, Ó mú àdínkù bá ìye èèyàn tó lè wọ ṣọ́ọ̀ṣì, mọ́sáláṣí",Igbimọ tẹẹkoto ti aarẹ gbe kalẹ naa ni orilẹede Naijiria ti ko wọ inu ọwọ kẹrin ọwọja kokoro arun COVID-19
Èèyàn mẹ́ta míì tún ti lùgbàdì ẹ̀dà COVID-19 tuntun Omicron ní Nàìjíríà,Naijiria ni orile-ede Afrika ti eeyan pọju nibe ti awọn eeyan ilẹ naa di fẹ wọ igba mílíọ̀nù.
,
,
,
,
,
,
Èèyàn mẹ́ta míì tún ti lùgbàdì ẹ̀dà COVID-19 tuntun Omicron ní Nàìjíríà,Naijiria ni orile-ede Afrika ti eeyan pọju nibe ti awọn eeyan ilẹ naa di fẹ wọ igba mílíọ̀nù.
"'Omicron ti wọ Nàìjíríà o', ìjọba àpapọ̀ kéde; Canada bẹ́gi dínà àwọn ọmọ Nàìjíríà tó bá fẹ́ wọlé",Orilẹede Canada ni awọn ti ni ẹni meji to wọle lati orilẹede Naijiria pẹlu arun Covid-19 Omicron Variant.
,
,
,
,
,
,
"'Omicron ti wọ Nàìjíríà o', ìjọba àpapọ̀ kéde; Canada bẹ́gi dínà àwọn ọmọ Nàìjíríà tó bá fẹ́ wọlé",Orilẹede Canada ni awọn ti ni ẹni meji to wọle lati orilẹede Naijiria pẹlu arun Covid-19 Omicron Variant.
Ṣé o mọ̀ pé o leè kó Covid pẹ̀lú ọmọ ìka ẹ̀sẹ̀ rẹ̀ láì mọ̀?,Ẹgbẹ awọn dokita onimọ nipa awọ ara nilẹ Britain ni akọsilẹ oniruuru aisan ara to lee ni ṣe pẹlu Covid.
,
,
,
,
,
,
Ṣé o mọ̀ pé o leè kó Covid pẹ̀lú ọmọ ìka ẹ̀sẹ̀ rẹ̀ láì mọ̀?,Ẹgbẹ awọn dokita onimọ nipa awọ ara nilẹ Britain ni akọsilẹ oniruuru aisan ara to lee ni ṣe pẹlu Covid.
Okòòwò márùn ún tí o lè bẹ̀rẹ̀ nínú ilé rẹ̀,Eniyan nilo ounjẹ lati lee dagba ki o si wa laye.
,
,
,
,
,
,
Okòòwò márùn ún tí o lè bẹ̀rẹ̀ nínú ilé rẹ̀,Eniyan nilo ounjẹ lati lee dagba ki o si wa laye.
"Ẹ̀dà Delta Variant COVID-19 ń gbèrú síi ní Nàìjíríà, ìjọba àpapọ̀ ra abẹ́rẹ́ àjẹsára 176,000","Nnkan bii ọgọsan ẹgbẹrun eeyan lo ti ko arun naa, ti ẹgbẹrun meji ati igba o din marun un eeyan si ti ti ara rẹ ku."
,
,
,
,
,
,
"Ẹ̀dà Delta Variant COVID-19 ń gbèrú síi ní Nàìjíríà, ìjọba àpapọ̀ ra abẹ́rẹ́ àjẹsára 176,000","Nnkan bii ọgọsan ẹgbẹrun eeyan lo ti ko arun naa, ti ẹgbẹrun meji ati igba o din marun un eeyan si ti ti ara rẹ ku."
