text1,sport,item
"Fídíò, ,Àwọn olóṣèlú ìpínlẹ̀ Osun ti sọ̀rọ̀sókè lórí ohun tó ń ṣẹlẹ̀ láàrin Oyetola, Aregbesola àti Tinubu,, Duration 11,22,Makinde buwọ́lu Sẹ́nẹ́tọ̀ Lekan Balogun gẹ́gẹ́ bí Olubadan tuntun,Èèyàn mẹ́tàdínlógún jóná nínú ìjàmbá ọkọ̀ lọ́nà mọ́rosẹ̀ Eko sí Ibadan,Gbọ́, ,Ìṣẹ́jú kan BBC,, Duration 1,01,Ìdìbò abẹ́nú APC bẹ̀rẹ̀ l'Osun,Wo àwọn obìnrin ''fijilanté"" tí wọ́n ṣetán à ti kojú ẹnikẹ́ni ní Kano,Wo àwòrán lóríṣìíríṣìí tó jádé níbí ètò ìsìnkú Adebayo Alao Akala,Fídíò, ,Mọ̀ síi nípa ìgbé ayé Oloye Ọbáfẹ́mi Awólọ̀wọ́,, Duration 2,49,Ó ṣe! tọkọtaya yìí papòdà láàrín oṣù mẹ́sàn-án síra wọn,Sunday Igboho kò le wà ní àhámọ́ kí èmi máa ṣe wẹ̀jẹ-wẹ̀mu - Ọ̀jọ̀gbọ́n Banji Akintoye,Wo ìlú tí wọ́n ti fòfin dé yíya àwòrán ṣaájú ìgbéyàwó ìyẹn ""pre wedding picture"" àti ètò ìgbéyàwó mìíràn,Só lè jẹ búrẹ́dì tí wọ́n fi Aáyán se?,Àwọn aláṣẹ UK ti ṣèkìlọ̀ kónílé gbélé fún àwọn ènìyàn nítorí ìjì líle,Èèyàn mẹ́tàdínlógún jóná nínú ìjàmbá ọkọ̀ lọ́nà mọ́rosẹ̀ Eko sí Ibadan,Ìbẹ̀rù-bojo gbalẹ̀ ṣáájú ìdìbò abẹ́nú gómìnà ẹgbẹ́ APC ní ìpínlẹ̀ Osun lọ́la,Wo àwọn ewu àti ànfàní márùn ún tó wà nínú igbó mímu,Èèyàn mẹ́tàlá jáde láyé léyìn tí wọ́n já sínú kànga níbi ayẹyẹ ìgbéyàwó,Ìyá ẹni ọdún 102 kéde ìpinnu rẹ̀ láti díje du ipò Ààrẹ Naijiria lọ́dún 2023,Fọ́tò àǹkóò oyún ọmọ ìyá mẹ́ta gbòde kan,Ààrẹ Mozambique tẹ́lẹ̀ rí jẹ́jọ́ lórí ẹ̀sùn ìwà ìbàjẹ́ tí wọ́n fi kan ọmọ rẹ̀,Ẹnikẹ́ni tó bá tún fi ìyà jẹ òṣìṣẹ́ LASTMA l'Eko yóò fojú winá òfin- Ọ̀gá LASTMA,Yàtọ̀ sí Bimbo Success àti Kemi Korede, wo àwọn míì tí wọ́n ń pariwo Funke Akindele kiri,Àwọn òṣìṣẹ́ wa kò lọ́wọ́ nínú gbígbé egbògi olóró - NDLEA,Ìjọba ìpínlẹ̀ Kogi buwọ́lu ₦30,000 owó oṣù òṣìṣẹ́ tó kéré jùlọ,Ǹjẹ́ ó mọ̀ nípa Álífábẹ́ẹ̀tì Oduduwa àti bí o ṣe lè lòó fi gbé èdè Yorùbá ga?,Ṣé lóòtọ́ ni ìjà ti bẹ́ sílẹ̀ láàrín Pasuma àti 'Manager' rẹ̀ lórí ọ̀rọ̀ owó?,Wo ohun tí ìjọba ṣe fún akẹ́kọ̀ọ́ kílààsì SS 2 tó gbá Olùkọ́ létí ní Ibadan,Eré Ìdárayá,Wo gbogbo ẹ̀,Wọ́n ti fi orúkọ Sadio MAne sọ pápá ìṣeré kan ní Senegal,Manchester United dá Greenwood dúró lẹ́yìn tí ọ̀rẹ́bìnrin rẹ̀ sọ pé ó lu òun,Wo ibi tí ọ̀rọ̀ dé dúró ní pa AFCON,Ṣé lóòtọ́ ni abẹ́ Venus Williams ẹni ọdún 41 ṣì dí pa, tí kò tíì bá ọkùnrin kankan lájọṣepọ̀ rí?,Fídíò, ,Ọwọ́ ọlọ́pàá ṣì máa tẹ̀ gbogbo àwọn èrò tó kópa nínú dídáná sun àwọn afurasí Oja Odan- Olọ́pàá,, Duration 5,11,Fídíò, ,Ìjẹ̀bú: Àgbàlàgbà ni mo máa ń ṣe nínú eré tẹ́lẹ̀,, Duration 3,38,Fídíò, ,Ìyàwó mi fẹ́ràn ìrìnàjò òfurufú ni mo ṣe kọ́ ilé Bàálù yìí fún un,, Duration 2,23,Fídíò, ,Àwọn ti a jọ ń 'robb' lo pa Ìyá mi sínú ẹ̀jẹ̀ ní 'Mission House'- Alufaa Oluwasegunfunmi,, Duration 12,14,Fídíò, ,'Ǹkan tó jẹ́ kí iṣẹ́ ọ̀nà tèmi yàtọ̀ lágbàáyé ni ǹkan tí mò ń lò',, Duration 3,33,Fídíò, ,'Colour Ghana Must Go' ló tú àṣírí Tọkọtayà náà níbi tí wọ́n kó ifún ọ̀rẹ́ ìyàwó tí wọ́n pa tà náà sí- Baale Leme,, Duration 7,30,Fídíò, ,Mọ̀ síi nípa ìdílé Alágbẹ̀dẹ àkọ́kọ́ ní ìlú Ibadan,, Duration 3,35,Fídíò, ,Mí o mọ̀ pé ikú ni 'Distinction' tí OAU ni fún ọmọ mi Heritage- Ìyá ọmọ tó jábọ́ sí 'Soak away'ní Ife,, Duration 9,23,Fídíò, ,Abúlé tí wọn kìí ti sọ ọmọ ní orúkọ, ohùn arò ni wọ́n fi ń pè wọ́n,, Duration 1,15,Fídíò, ,'Ìyá Tíṣà lòdì sí kí n mutí, fagbó tàbí sìgá',, Duration 2,30,Ẹ̀yin ará ìlú ẹ má bìnú, kìí ṣe pé a mọ̀ọ́mọ̀ kó epo tí kò dáa wọ Naijiria,Ìwádìí tó kúná ni a fẹ́ láti mọ̀ àwọn Onígbọ̀wọ́ olóògùn owó ní Oja Odan- Oba Oladiipo Oyebamiji,Gómìnà Zulum ṣe ìkìlọ̀ lórí ìdúnkookò ikọ̀ agbéṣumọ̀mí ISWAP sí Nàìjíríà,Amotekun Ondo gbẹ́sẹ̀lé ọkọ̀ àjàgbé tó ń kó àwọn ọ̀dọ́ 63 láti Gombe lọ sí Eko,Kìlọ̀ fún àwọn ènìyàn rẹ láti yé da àlááfíà ìlú láàmú- Ìjọba ìpínlẹ̀ Osun sí Aregbesola,EFCC gbẹ́sẹ̀lé dúkìá ọ̀gá olọgun tí iye rẹ̀ tó ₦10.9b,Ẹ̀kún omi gbé èèyàn méjìdínlógójì lọ nílùú Petrópolis ní orílẹ́èdè Brazil,Algeria yóò bẹ̀rẹ̀ sí ní san N41,000 fáwọn ọ̀dọ́ tí kò rí iṣẹ́ ṣe lóṣù tó ń bọ̀,Iléẹjọ́ tún sún ìgbẹ́jọ́ olórí ẹgbẹ́ IPOB Nnamdi Kanu síwájú,Wo ọkùnrin kan tó fi N1.2m gbẹ́ ibojì rẹ̀ sílẹ̀ nígbà tó sì wà láàyè,Àwọn Ìròyìn Kàyééfì míràn,Wo gbogbo ẹ̀,Olaleye Paul rí ẹ̀wọ̀n he ní àyájọ́ olólùfẹ́ ní Ilọrin,Awakọ̀ dáná sun ara rẹ̀ lórí bí àwọn 'task force' ṣe mu l'Eko,Ìjọba Canada ṣetán láti gbẹ́sẹ̀ lé àkáùntì àwọn tó ń ṣẹ ìwọ́de táko abẹ́rẹ́ covid-19,Wo ohun méjé tó yẹ kí o mọ̀ nípa Abba Kyari, ọ̀gá ọlọ́pàá tí wọ́n fẹ̀sùn ìwà ọ̀daràn kàn,Àwọn tọ́ọ̀gì Aregbesola ló da wàhálà sílẹ̀ l'Osun - Ọlọ́pàá,Fídíò, ,Wọ́n fún mi ní ‘Biscuit’ jẹ ní òde àṣé Igbó ni, inú gbọ̀ngàn ayẹyẹ wá dàbí ebè lójú mi – Olaiya Igwe,, Duration 5,34,Fídíò, ,Ọjọ́ tí ọlọ́pàá mú mi kó mi láyà sókè, n kò le gbàgbé láéláé - Bad Boy Timz,, Duration 6,28,Àtẹ Àwòrán, ,Wo àwọn ibùdó mánigbàgbé tó wà ní Ajaṣe ni orilé-èdè Benin Republic níbi tí àwọn akẹ́kọ̀ọ́ Yorùbá ti lọ ṣàbẹ̀wò,Afurasí tọkọtaya ta ẹ̀yà ara ní ẹgbẹ̀rún lọ́nà àádọ́rin náírà- Ọlọ́pàá,Barrister ló sọ mí di èèyàn ńlá - Ayinla Kollington,U.S. yóò máa fún àwọn ọmo Nàìjíríà kan ní físà ìwé ìrìnnà láì ṣe ìfọ̀rọ̀wánilẹ́nuwò,Àwọn nǹkan mẹ́ta tí a kò tíì mọ̀ nípa Covid-19 lẹ́yìn tí àrùn náà bẹ́ sílẹ̀ rèé,Ìjọba Nàìjíríà kéde ìlànà tuntun lórí COVID-19, Ó mú àdínkù bá ìye èèyàn tó lè wọ ṣọ́ọ̀ṣì, mọ́sáláṣí,Èèyàn mẹ́ta míì tún ti lùgbàdì ẹ̀dà COVID-19 tuntun Omicron ní Nàìjíríà,'Omicron ti wọ Nàìjíríà o', ìjọba àpapọ̀ kéde; Canada bẹ́gi dínà àwọn ọmọ Nàìjíríà tó bá fẹ́ wọlé,Ṣé o mọ̀ pé o leè kó Covid pẹ̀lú ọmọ ìka ẹ̀sẹ̀ rẹ̀ láì mọ̀?,Okòòwò márùn ún tí o lè bẹ̀rẹ̀ nínú ilé rẹ̀,Ẹ̀dà Delta Variant COVID-19 ń gbèrú síi ní Nàìjíríà, ìjọba àpapọ̀ ra abẹ́rẹ́ àjẹsára 176,000","Fídíò, ,Àwọn olóṣèlú ìpínlẹ̀ Osun ti sọ̀rọ̀sókè lórí ohun tó ń ṣẹlẹ̀ láàrin Oyetola, Aregbesola àti Tinubu,, Duration 11,22,Gbọ́, ,Ìṣẹ́jú kan BBC,, Duration 1,01,Ìdìbò abẹ́nú APC bẹ̀rẹ̀ l'Osun,Wo àwọn obìnrin ''fijilanté"" tí wọ́n ṣetán à ti kojú ẹnikẹ́ni ní Kano,Wo àwòrán lóríṣìíríṣìí tó jádé níbí ètò ìsìnkú Adebayo Alao Akala,Fídíò, ,Mọ̀ síi nípa ìgbé ayé Oloye Ọbáfẹ́mi Awólọ̀wọ́,, Duration 2,49,Ó ṣe! tọkọtaya yìí papòdà láàrín oṣù mẹ́sàn-án síra wọn,Sunday Igboho kò le wà ní àhámọ́ kí èmi máa ṣe wẹ̀jẹ-wẹ̀mu - Ọ̀jọ̀gbọ́n Banji Akintoye,Wo ìlú tí wọ́n ti fòfin dé yíya àwòrán ṣaájú ìgbéyàwó ìyẹn ""pre wedding picture"" àti ètò ìgbéyàwó mìíràn,Só lè jẹ búrẹ́dì tí wọ́n fi Aáyán se?,Àwọn aláṣẹ UK ti ṣèkìlọ̀ kónílé gbélé fún àwọn ènìyàn nítorí ìjì líle,Èèyàn mẹ́tàdínlógún jóná nínú ìjàmbá ọkọ̀ lọ́nà mọ́rosẹ̀ Eko sí Ibadan,Ìbẹ̀rù-bojo gbalẹ̀ ṣáájú ìdìbò abẹ́nú gómìnà ẹgbẹ́ APC ní ìpínlẹ̀ Osun lọ́la,Wo àwọn ewu àti ànfàní márùn ún tó wà nínú igbó mímu,Èèyàn mẹ́tàlá jáde láyé léyìn tí wọ́n já sínú kànga níbi ayẹyẹ ìgbéyàwó,Ìyá ẹni ọdún 102 kéde ìpinnu rẹ̀ láti díje du ipò Ààrẹ Naijiria lọ́dún 2023,Fọ́tò àǹkóò oyún ọmọ ìyá mẹ́ta gbòde kan,Ààrẹ Mozambique tẹ́lẹ̀ rí jẹ́jọ́ lórí ẹ̀sùn ìwà ìbàjẹ́ tí wọ́n fi kan ọmọ rẹ̀,Ẹnikẹ́ni tó bá tún fi ìyà jẹ òṣìṣẹ́ LASTMA l'Eko yóò fojú winá òfin- Ọ̀gá LASTMA,Yàtọ̀ sí Bimbo Success àti Kemi Korede, wo àwọn míì tí wọ́n ń pariwo Funke Akindele kiri,Àwọn òṣìṣẹ́ wa kò lọ́wọ́ nínú gbígbé egbògi olóró - NDLEA,Ìjọba ìpínlẹ̀ Kogi buwọ́lu ₦30,000 owó oṣù òṣìṣẹ́ tó kéré jùlọ,Ǹjẹ́ ó mọ̀ nípa Álífábẹ́ẹ̀tì Oduduwa àti bí o ṣe lè lòó fi gbé èdè Yorùbá ga?,Ṣé lóòtọ́ ni ìjà ti bẹ́ sílẹ̀ láàrín Pasuma àti 'Manager' rẹ̀ lórí ọ̀rọ̀ owó?,Wo ohun tí ìjọba ṣe fún akẹ́kọ̀ọ́ kílààsì SS 2 tó gbá Olùkọ́ létí ní Ibadan,Wọ́n ti fi orúkọ Sadio MAne sọ pápá ìṣeré kan ní Senegal,Manchester United dá Greenwood dúró lẹ́yìn tí ọ̀rẹ́bìnrin rẹ̀ sọ pé ó lu òun,Wo ibi tí ọ̀rọ̀ dé dúró ní pa AFCON,Ṣé lóòtọ́ ni abẹ́ Venus Williams ẹni ọdún 41 ṣì dí pa, tí kò tíì bá ọkùnrin kankan lájọṣepọ̀ rí?,Fídíò, ,Ọwọ́ ọlọ́pàá ṣì máa tẹ̀ gbogbo àwọn èrò tó kópa nínú dídáná sun àwọn afurasí Oja Odan- Olọ́pàá,, Duration 5,11,Fídíò, ,Ìjẹ̀bú: Àgbàlàgbà ni mo máa ń ṣe nínú eré tẹ́lẹ̀,, Duration 3,38,Fídíò, ,Ìyàwó mi fẹ́ràn ìrìnàjò òfurufú ni mo ṣe kọ́ ilé Bàálù yìí fún un,, Duration 2,23,Fídíò, ,Àwọn ti a jọ ń 'robb' lo pa Ìyá mi sínú ẹ̀jẹ̀ ní 'Mission House'- Alufaa Oluwasegunfunmi,, Duration 12,14,Fídíò, ,'Ǹkan tó jẹ́ kí iṣẹ́ ọ̀nà tèmi yàtọ̀ lágbàáyé ni ǹkan tí mò ń lò',, Duration 3,33,Fídíò, ,'Colour Ghana Must Go' ló tú àṣírí Tọkọtayà náà níbi tí wọ́n kó ifún ọ̀rẹ́ ìyàwó tí wọ́n pa tà náà sí- Baale Leme,, Duration 7,30,Fídíò, ,Mọ̀ síi nípa ìdílé Alágbẹ̀dẹ àkọ́kọ́ ní ìlú Ibadan,, Duration 3,35,Fídíò, ,Mí o mọ̀ pé ikú ni 'Distinction' tí OAU ni fún ọmọ mi Heritage- Ìyá ọmọ tó jábọ́ sí 'Soak away'ní Ife,, Duration 9,23,Fídíò, ,Abúlé tí wọn kìí ti sọ ọmọ ní orúkọ, ohùn arò ni wọ́n fi ń pè wọ́n,, Duration 1,15,Fídíò, ,'Ìyá Tíṣà lòdì sí kí n mutí, fagbó tàbí sìgá',, Duration 2,30,Ẹ̀yin ará ìlú ẹ má bìnú, kìí ṣe pé a mọ̀ọ́mọ̀ kó epo tí kò dáa wọ Naijiria,Ìwádìí tó kúná ni a fẹ́ láti mọ̀ àwọn Onígbọ̀wọ́ olóògùn owó ní Oja Odan- Oba Oladiipo Oyebamiji,Gómìnà Zulum ṣe ìkìlọ̀ lórí ìdúnkookò ikọ̀ agbéṣumọ̀mí ISWAP sí Nàìjíríà,Amotekun Ondo gbẹ́sẹ̀lé ọkọ̀ àjàgbé tó ń kó àwọn ọ̀dọ́ 63 láti Gombe lọ sí Eko,Kìlọ̀ fún àwọn ènìyàn rẹ láti yé da àlááfíà ìlú láàmú- Ìjọba ìpínlẹ̀ Osun sí Aregbesola,EFCC gbẹ́sẹ̀lé dúkìá ọ̀gá olọgun tí iye rẹ̀ tó ₦10.9b,Ẹ̀kún omi gbé èèyàn méjìdínlógójì lọ nílùú Petrópolis ní orílẹ́èdè Brazil,Algeria yóò bẹ̀rẹ̀ sí ní san N41,000 fáwọn ọ̀dọ́ tí kò rí iṣẹ́ ṣe lóṣù tó ń bọ̀,Iléẹjọ́ tún sún ìgbẹ́jọ́ olórí ẹgbẹ́ IPOB Nnamdi Kanu síwájú,Wo ọkùnrin kan tó fi N1.2m gbẹ́ ibojì rẹ̀ sílẹ̀ nígbà tó sì wà láàyè,Olaleye Paul rí ẹ̀wọ̀n he ní àyájọ́ olólùfẹ́ ní Ilọrin,Awakọ̀ dáná sun ara rẹ̀ lórí bí àwọn 'task force' ṣe mu l'Eko,Ìjọba Canada ṣetán láti gbẹ́sẹ̀ lé àkáùntì àwọn tó ń ṣẹ ìwọ́de táko abẹ́rẹ́ covid-19,Wo ohun méjé tó yẹ kí o mọ̀ nípa Abba Kyari, ọ̀gá ọlọ́pàá tí wọ́n fẹ̀sùn ìwà ọ̀daràn kàn,Àwọn tọ́ọ̀gì Aregbesola ló da wàhálà sílẹ̀ l'Osun - Ọlọ́pàá,Fídíò, ,Wọ́n fún mi ní ‘Biscuit’ jẹ ní òde àṣé Igbó ni, inú gbọ̀ngàn ayẹyẹ wá dàbí ebè lójú mi – Olaiya Igwe,, Duration 5,34,Fídíò, ,Ọjọ́ tí ọlọ́pàá mú mi kó mi láyà sókè, n kò le gbàgbé láéláé - Bad Boy Timz,, Duration 6,28,Àtẹ Àwòrán, ,Wo àwọn ibùdó mánigbàgbé tó wà ní Ajaṣe ni orilé-èdè Benin Republic níbi tí àwọn akẹ́kọ̀ọ́ Yorùbá ti lọ ṣàbẹ̀wò,Afurasí tọkọtaya ta ẹ̀yà ara ní ẹgbẹ̀rún lọ́nà àádọ́rin náírà- Ọlọ́pàá,Barrister ló sọ mí di èèyàn ńlá - Ayinla Kollington,U.S. yóò máa fún àwọn ọmo Nàìjíríà kan ní físà ìwé ìrìnnà láì ṣe ìfọ̀rọ̀wánilẹ́nuwò,Àwọn nǹkan mẹ́ta tí a kò tíì mọ̀ nípa Covid-19 lẹ́yìn tí àrùn náà bẹ́ sílẹ̀ rèé,Ìjọba Nàìjíríà kéde ìlànà tuntun lórí COVID-19, Ó mú àdínkù bá ìye èèyàn tó lè wọ ṣọ́ọ̀ṣì, mọ́sáláṣí,Èèyàn mẹ́ta míì tún ti lùgbàdì ẹ̀dà COVID-19 tuntun Omicron ní Nàìjíríà,'Omicron ti wọ Nàìjíríà o', ìjọba àpapọ̀ kéde; Canada bẹ́gi dínà àwọn ọmọ Nàìjíríà tó bá fẹ́ wọlé,Ṣé o mọ̀ pé o leè kó Covid pẹ̀lú ọmọ ìka ẹ̀sẹ̀ rẹ̀ láì mọ̀?,Okòòwò márùn ún tí o lè bẹ̀rẹ̀ nínú ilé rẹ̀,Ẹ̀dà Delta Variant COVID-19 ń gbèrú síi ní Nàìjíríà, ìjọba àpapọ̀ ra abẹ́rẹ́ àjẹsára 176,000","Ibi ti ọrọ de duro ree lori idibo ẹgbẹ APC nipinlẹ Osun.,Àkójọpọ̀ ìsẹ̀lẹ̀ jákèjádò àgbáyé láàárín ìṣẹ́jú kan lórí BBC.,Iforukọ awọn oludibo yoo waye laarin aago mẹsan owurọ si mejila ọsan.,Àwọn kan ń wò wá bí oníranù nítorí ta darapọ̀ mọ́ iṣẹ́ fijilanté ṣùgbọ́n kò sí iṣẹ́ ààbò tí kò nílò ipa obìnrin.,Oni ni wọn yoo sin ara Gomina nigba kan ri ni ipinle Oyo, Adebayo Alao Akala ni ilu rẹ ni Ogbomoso ni ipinle Oyo.,Awólọ̀wọ́ fi ọkọ̀ ayọ́kẹ́lẹ́ se ìpolongo káàkiri ẹkùn tó wà lórílẹ̀èdè Nàíjírìà lọ́dún 1979 àti 1983.,Àwọn mọ̀lẹ́bí tí ń gbèrò láti ṣe ayẹyẹ ìkẹyìn fún àwọn tọkọtaya tó papòdà láàárín oṣù mẹ́sàn-án síra wọn papọ̀ báyìí.,O ni bi oun ṣe n wo o yii, ọna ti n la fun ominira ẹya Yoruba kuro labẹ orilẹede Naijiria.,Ìdí tí a fi gbégi dínà ṣíṣe àwọn ayẹyẹ wọ̀nyìí ni láti mú àdínkù bá bí àwọn èèyàn ṣe ń fi owo ati akoko ṣofo,Àwọn onímọ̀ ẹ̀rọ nípa oúnjẹ lórílẹ̀èdè Brazil ti se ìyẹ̀fun búrẹ́dì pẹ̀lú àwọn kòkòrò bíi aáyán tó wọ́pọ̀ ní ilẹ̀ Àfíríkà.,Ìkìlọ̀ yìí ni Di Met ní ó túmọ̀ sí pé àwọn nǹkan tí ìjì yìí le gbé le ṣe àkóbá fún àwọn ènìyàn.,Ọga ajọ ẹṣọ oju popo, FRSC, ni ipinlẹ Ogun, Ahmed Umar lo fidi iṣẹlẹ ọhun mulẹ fawọn akọroyin.,Oludije mẹta ni yoo kopa ninu ibo abẹnu yii lati mọ ẹni ti yoo ṣoju APC ninu idibo gomina ọjọ kẹrindinlogun oṣu keje ọdun 2022 yii.,Lootọ ni awọn onimọ ijinlẹ sọ pe igbo ni anfanni to n ṣe fun agọ ara, amọ, egboogi naa tun ni awọn ewu kan ninu.,Ileeṣẹ ọlọpaa sọ pe awọn to ba iṣẹlẹ laabi naa lọ, ti wọn jẹ ọmọde ati obinrin, joko sori pako kan ti wọn fi bo ori kọnga naa.,Iya agba naa, Nonye Josephine Ezeanyaeche sọ pe oun ni erongba rere fun Naijiria ti awọn araalu ba le dibo yan oun.,Àwọn ọmọ ìyá mẹ́ta tí wọ́n jẹ́ ọmọ Nàìjírìa lóyún sí àsìkò kan náà ní ilẹ̀ Amẹ́ríkà.,Armando Guebuza to jẹ aarẹ Mozambique akọkọ ti yoo jẹrìí nile ẹjọ ṣalaye idi ti ijọba rẹ fi ya biliọnu meji dọla lati fi se ọsin ẹja.,Ninu atẹjade kan ti ajọ LASTMA fi sita, Oreagba ni awọn awakọ to n tapa sofin iwakọ loju popo lo huwa ipa sawọn oṣiṣẹ LASTMA.,Gbajúgbajà òṣèré tíátà, Bimbo Success tí kọrin ìyìn kí akẹgbẹ́ rẹ̀ Funke Akindele fún ìrànlọ́wọ́ tó ṣe fún un lórí àwọn ìbejì rẹ̀.,Ajọ ND:EA to n gbogun ti oogun oloro ni Naijiria ti kede pe wọn ko ni daṣọ bó òṣìṣẹ́ kankan tó bá lọ́wọ́ nínú gbígbé egbògi olóró.,Akọwe ijọba ipinlẹ ọhun, Folashade Arike Ayoade lo kede igbesẹ yii lẹyin ipade kan pẹlu ẹgbẹ oṣiṣẹ niluu Lokoja.,Ile ẹkọ kan to n ṣe agbatẹru kikọ alfabẹẹti Oduduwa, Oduduwa Alphabetic Academy School wa ni Ajase ni orilẹ ede Benin Republic.,Gẹgẹ bii ohun ti a gbọ, ija naa ko ṣẹyin ọrọ owo kan to yẹ ki ididowo fi ṣọwọ si Pasuma ṣugbọn ti ko ṣe bẹẹ.,Ìjọba ìpínlẹ̀ Oyo ti dá akẹ́kọ̀ọ́ SS 2 dúró fún oṣù kan nítorí tó gbá olùkọ́ létí ní Ibadan,Olootu ijọba ẹkun kan ni Senegal fi orukọ Sadio Mane sọ papa iṣere lẹyin aṣeyọri rẹ ni Cameroon.,Ẹgbẹ agbabọọlu Mancheste rUnited da Mason Greenwood duro,Igba kẹtalelgbọn ree ti idije naa n waye ti Cameroon si n gba alejo awọn agbabọọlu Adulawo to ku.,Iroyin ti a gbọ ni pe, Venus Williams ko tii mọ ọkunrin bo tilẹ jẹ pe o ti pe ọmọ ọdun mọkanlelogoji bayii.,E wa wo ohun ti BBC Yoruba bá bọ láti Oja Odan nibi ti awọn ara ilu ti dana sun afurasi meji ti wọn ka ori mo lọwọ.,'Ìjẹ̀bú' òṣèèré Yollywood ṣalaye fún BBC Yorùbá pé Sanyẹri lo gbé òun jáde pẹ̀lú sinimá 'Ọ̀pá kan',Said jamal kọ ile to ri bii ọkọ baalu fun iyawo tori o fẹran lati maa rinrinajo, ko le maa ro pe o wa ninu baalu ni gbogbo igba.,Adigunjale ẹlẹ́gbẹ́ okùnkùn tó padà di Alufaa, Oluwasegunfunmi to sọ irinajo rẹ lẹkunrẹrẹ fun BBC ki awọn ọ̀dọ́ le wa kọ ẹkọ.,Ọ̀nà láti má jẹ́ kí àṣà parun míì ti ń jẹyọ táwọn ọdọ́ Yorùbá sì ń rọ́ sí i.,Baale Leme, Alhaji Moshood salaye fun BBC bí ara adugbo se ri apa, ẹsẹ àti aya ọmọbinrin ti wọn pa náà,Idile Adodo ni awọn ni agbẹdẹ akọkọ ni iwọ oorun guusu Naijiria, bẹẹ si ni idile wọn lo ma n rọ ibon ati ọta fun awọn jagunjagun latijọ.,BBC ba Iya àti Baba Heritage pelu alukoro Fasiti Ile Ife atawọn akẹkọọ sọrọ lori iku Heritage to jabọ sinu koto ile igbonse nigab to n sa aṣọ.,Iwadii BBC fihan pe, oniruuru ohun ati ife lo wa fun idamọ ọmọ kọọkan, iya ati baba lo si maa n lo awọn ohun yii.,Temi Adekunle tí gbogbo ènìyàn mọ̀ sí 'Small Doctor' gba àwọn ọ̀dọ́ tó ń mugbó nímọ̀ràn.,Adari NNPC lo fi ọrọ naa lede niwaju igbimọ to n ṣewadii ọwọngogo epo to wa lode, eyii ti ile igbimọ aṣoju-ṣofin gbe kalẹ.,Oja Odan ni awọn ọdọ ilu ti binu dana sun awọn afurasi ti wọn mu pe wọn pa ọdọ kan fun oogun owo laipẹ.,Gomina Zulum wá rọ Ààrẹ Muhammadu Buhari láti tété wá àtìlẹyìn àwọn ọmọ ogun ilẹ̀ òkèrè láti kojú ikọ̀ àwọn agbéṣùmọ̀mí náà.,Iṣẹlẹ naa waye ni ilu Iju, to wa laarin ilu Ado Ekiti si ilu Akure.,Aáwọ̀ àárín Gómìnà Oyetola àti Mínísìtà fọ́rọ̀ Abélé, Aregbesola tún ń le si bí ètò ìdìbò gómìnà ìpínlẹ̀ Osun ṣe ń súnmọ́ etílé.,Lara awọn ipinlẹ ti awọn dukia naa wa ni Kano, Kaduna, Borno ati Cross River.,Ni Ọjọru, ọjọ kẹrindinlogun, oṣu keji ọdun 2022 ni iṣẹlẹ ọhun ṣelẹ, ti wọn si n ka iye awọn to ba ijamba naa rin niluu Petrópolis.,Ijọba kede pe oun ti ṣe eto lati maa ran awọn ọdọ lọwọ latari bi airiṣẹ ṣe ti pọ ni orilẹede naa.,Kanu n koju ẹsun marun un ọtọtọ to da lori igbesumọmi, iṣọtẹ, iyapa ati jijẹ ọkan lara awọn ọmọ ẹgbẹ ti ijọba apapọ ti fofin de.,Patrick Kimaro ni nigba ti oun wa ni kekere, o nira fun oun lati sin baba ati mama oun tori oṣu mẹfa ni wọn ku sira wọn.,Onídàjọ́ Sani ní Paul jẹ̀bi ẹ̀sùn mẹ́tẹ̀ẹ̀ta tí wọ́n fi kàn án tó sì jù ú sí ẹ̀wọ̀n ọdún kan àbọ̀.,Iṣẹlẹ naa waye lasiko ti awọn oṣiṣẹ igbimọ amuṣẹya ileeṣẹ to n ri si irinna ọkọ oju popo, task force, n mu awọn ọkọ kan nitosi papakọ ofurufu,Justin Trudeau ṣalaye pe awọn ile ifopamọ le gbẹsẹ le akaunti awọn to ba ni ohun kan ṣe pẹlu iwọde tako abẹrẹ covid-19.,Ṣaaju ni wọn ti kọkọ ni ko lọ rọọkun nile lẹyin ti ajọ ọtẹlẹmuyẹ ilẹ Amẹrika, FBI, ni ko wa sọ tẹnu rẹ lori ibaṣepọ rẹ pẹlu Hushpuppy.,Àwọn akẹ́kọ̀ọ́ ṣe ìfẹ̀hónú hàn lórí bí àwọn ẹ̀ṣọ́ aláàbò Aregbesola ṣe da ìbọn bolẹ̀ ní Osogbo.,Nigba to n ba BBC Yoruba fi ọrọ jomitoro ọrọ, Olaiya Igwe ni ọpọ nnkan ni oju oun ti ri, koda oun ti mu igbo ri laimọ.,Bad Boy Timz, ninu akanse ifọrọwanilẹnuwo pẹlu BBc Yoruba tun ti sọrọ nipa igbe aye rẹ, bo se de idi isẹ orin kikọ atawọn ohun to n gbero lọjọ iwaju.,Opọlọpọ awọn akẹkọo Yoruba lo lọ si Ajaṣẹ laisko ikẹkọgboye Alifabẹẹti Oduduwa nibi ti wọn ti lọ mọ si nipa iran Yoruba to wa nibẹ.,Ileeṣẹ ọlọpaa ni awon afurasi Tokotaya naa ni won ti se ijamba iku fun awon meji ti won si ti jewo pe awon ta eye ara arabinrin naa.,Alhaji Kollington Ayinla tun sọ fun BBC Yoruba pe orogun owo lasan ni ìjà oun ati Barrister, awọn si dijọ bẹrẹ orin Fuji ni.,Wo àwọn tó le jẹ ànàfàní físà ìwé ìrìnnà láì ṣe ìfọ̀rọ̀wánilẹ́nuwò naa.,Lati ọdun 2019, ko din ni miliọnu lọna ọọdunrun ati aadọta eeyan to ri fara kasa arun naa kaakiri agbaye.,Igbimọ tẹẹkoto ti aarẹ gbe kalẹ naa ni orilẹede Naijiria ti ko wọ inu ọwọ kẹrin ọwọja kokoro arun COVID-19,Naijiria ni orile-ede Afrika ti eeyan pọju nibe ti awọn eeyan ilẹ naa di fẹ wọ igba mílíọ̀nù.,Orilẹede Canada ni awọn ti ni ẹni meji to wọle lati orilẹede Naijiria pẹlu arun Covid-19 Omicron Variant.,Ẹgbẹ awọn dokita onimọ nipa awọ ara nilẹ Britain ni akọsilẹ oniruuru aisan ara to lee ni ṣe pẹlu Covid.,Eniyan nilo ounjẹ lati lee dagba ki o si wa laye.,Nnkan bii ọgọsan ẹgbẹrun eeyan lo ti ko arun naa, ti ẹgbẹrun meji ati igba o din marun un eeyan si ti ti ara rẹ ku."
,,
,,
,,
"Fídíò, ,Àwọn olóṣèlú ìpínlẹ̀ Osun ti sọ̀rọ̀sókè lórí ohun tó ń ṣẹlẹ̀ láàrin Oyetola, Aregbesola àti Tinubu,, Duration 11,22,Makinde buwọ́lu Sẹ́nẹ́tọ̀ Lekan Balogun gẹ́gẹ́ bí Olubadan tuntun,Èèyàn mẹ́tàdínlógún jóná nínú ìjàmbá ọkọ̀ lọ́nà mọ́rosẹ̀ Eko sí Ibadan,Gbọ́, ,Ìṣẹ́jú kan BBC,, Duration 1,01,Ìdìbò abẹ́nú APC bẹ̀rẹ̀ l'Osun,Wo àwọn obìnrin ''fijilanté"" tí wọ́n ṣetán à ti kojú ẹnikẹ́ni ní Kano,Wo àwòrán lóríṣìíríṣìí tó jádé níbí ètò ìsìnkú Adebayo Alao Akala","Fídíò, ,Àwọn olóṣèlú ìpínlẹ̀ Osun ti sọ̀rọ̀sókè lórí ohun tó ń ṣẹlẹ̀ láàrin Oyetola, Aregbesola àti Tinubu,, Duration 11,22,Gbọ́, ,Ìṣẹ́jú kan BBC,, Duration 1,01,Ìdìbò abẹ́nú APC bẹ̀rẹ̀ l'Osun,Wo àwọn obìnrin ''fijilanté"" tí wọ́n ṣetán à ti kojú ẹnikẹ́ni ní Kano,Wo àwòrán lóríṣìíríṣìí tó jádé níbí ètò ìsìnkú Adebayo Alao Akala","Ibi ti ọrọ de duro ree lori idibo ẹgbẹ APC nipinlẹ Osun.,Àkójọpọ̀ ìsẹ̀lẹ̀ jákèjádò àgbáyé láàárín ìṣẹ́jú kan lórí BBC.,Iforukọ awọn oludibo yoo waye laarin aago mẹsan owurọ si mejila ọsan.,Àwọn kan ń wò wá bí oníranù nítorí ta darapọ̀ mọ́ iṣẹ́ fijilanté ṣùgbọ́n kò sí iṣẹ́ ààbò tí kò nílò ipa obìnrin.,Oni ni wọn yoo sin ara Gomina nigba kan ri ni ipinle Oyo, Adebayo Alao Akala ni ilu rẹ ni Ogbomoso ni ipinle Oyo."
"Fídíò, ,Àwọn olóṣèlú ìpínlẹ̀ Osun ti sọ̀rọ̀sókè lórí ohun tó ń ṣẹlẹ̀ láàrin Oyetola, Aregbesola àti Tinubu,, Duration 11,22,Makinde buwọ́lu Sẹ́nẹ́tọ̀ Lekan Balogun gẹ́gẹ́ bí Olubadan tuntun,Èèyàn mẹ́tàdínlógún jóná nínú ìjàmbá ọkọ̀ lọ́nà mọ́rosẹ̀ Eko sí Ibadan","Fídíò, ,Àwọn olóṣèlú ìpínlẹ̀ Osun ti sọ̀rọ̀sókè lórí ohun tó ń ṣẹlẹ̀ láàrin Oyetola, Aregbesola àti Tinubu,, Duration 11,22",Ibi ti ọrọ de duro ree lori idibo ẹgbẹ APC nipinlẹ Osun.
,,
,,
,,
,,
,,
,,
"Fídíò, ,Àwọn olóṣèlú ìpínlẹ̀ Osun ti sọ̀rọ̀sókè lórí ohun tó ń ṣẹlẹ̀ láàrin Oyetola, Aregbesola àti Tinubu,, Duration 11,22,Makinde buwọ́lu Sẹ́nẹ́tọ̀ Lekan Balogun gẹ́gẹ́ bí Olubadan tuntun,Èèyàn mẹ́tàdínlógún jóná nínú ìjàmbá ọkọ̀ lọ́nà mọ́rosẹ̀ Eko sí Ibadan","Fídíò, ,Àwọn olóṣèlú ìpínlẹ̀ Osun ti sọ̀rọ̀sókè lórí ohun tó ń ṣẹlẹ̀ láàrin Oyetola, Aregbesola àti Tinubu,, Duration 11,22",Ibi ti ọrọ de duro ree lori idibo ẹgbẹ APC nipinlẹ Osun.
"Makinde buwọ́lu Sẹ́nẹ́tọ̀ Lekan Balogun gẹ́gẹ́ bí Olubadan tuntun,Èèyàn mẹ́tàdínlógún jóná nínú ìjàmbá ọkọ̀ lọ́nà mọ́rosẹ̀ Eko sí Ibadan",,
"Gbọ́, ,Ìṣẹ́jú kan BBC,, Duration 1,01","Gbọ́, ,Ìṣẹ́jú kan BBC,, Duration 1,01",Àkójọpọ̀ ìsẹ̀lẹ̀ jákèjádò àgbáyé láàárín ìṣẹ́jú kan lórí BBC.
,,
,,
,,
,,
,,
,,
,,
,,
"Gbọ́, ,Ìṣẹ́jú kan BBC,, Duration 1,01","Gbọ́, ,Ìṣẹ́jú kan BBC,, Duration 1,01",Àkójọpọ̀ ìsẹ̀lẹ̀ jákèjádò àgbáyé láàárín ìṣẹ́jú kan lórí BBC.
Ìdìbò abẹ́nú APC bẹ̀rẹ̀ l'Osun,Ìdìbò abẹ́nú APC bẹ̀rẹ̀ l'Osun,Iforukọ awọn oludibo yoo waye laarin aago mẹsan owurọ si mejila ọsan.
,,
,,
,,
,,
,,
,,
Ìdìbò abẹ́nú APC bẹ̀rẹ̀ l'Osun,Ìdìbò abẹ́nú APC bẹ̀rẹ̀ l'Osun,Iforukọ awọn oludibo yoo waye laarin aago mẹsan owurọ si mejila ọsan.
"Wo àwọn obìnrin ''fijilanté"" tí wọ́n ṣetán à ti kojú ẹnikẹ́ni ní Kano","Wo àwọn obìnrin ''fijilanté"" tí wọ́n ṣetán à ti kojú ẹnikẹ́ni ní Kano",Àwọn kan ń wò wá bí oníranù nítorí ta darapọ̀ mọ́ iṣẹ́ fijilanté ṣùgbọ́n kò sí iṣẹ́ ààbò tí kò nílò ipa obìnrin.
,,
,,
,,
,,
,,
,,
"Wo àwọn obìnrin ''fijilanté"" tí wọ́n ṣetán à ti kojú ẹnikẹ́ni ní Kano","Wo àwọn obìnrin ''fijilanté"" tí wọ́n ṣetán à ti kojú ẹnikẹ́ni ní Kano",Àwọn kan ń wò wá bí oníranù nítorí ta darapọ̀ mọ́ iṣẹ́ fijilanté ṣùgbọ́n kò sí iṣẹ́ ààbò tí kò nílò ipa obìnrin.
Wo àwòrán lóríṣìíríṣìí tó jádé níbí ètò ìsìnkú Adebayo Alao Akala,Wo àwòrán lóríṣìíríṣìí tó jádé níbí ètò ìsìnkú Adebayo Alao Akala,"Oni ni wọn yoo sin ara Gomina nigba kan ri ni ipinle Oyo, Adebayo Alao Akala ni ilu rẹ ni Ogbomoso ni ipinle Oyo."
,,
,,
,,
,,
,,
,,
Wo àwòrán lóríṣìíríṣìí tó jádé níbí ètò ìsìnkú Adebayo Alao Akala,Wo àwòrán lóríṣìíríṣìí tó jádé níbí ètò ìsìnkú Adebayo Alao Akala,"Oni ni wọn yoo sin ara Gomina nigba kan ri ni ipinle Oyo, Adebayo Alao Akala ni ilu rẹ ni Ogbomoso ni ipinle Oyo."
,,
,,
,,
"Fídíò, ,Mọ̀ síi nípa ìgbé ayé Oloye Ọbáfẹ́mi Awólọ̀wọ́,, Duration 2,49","Fídíò, ,Mọ̀ síi nípa ìgbé ayé Oloye Ọbáfẹ́mi Awólọ̀wọ́,, Duration 2,49",Awólọ̀wọ́ fi ọkọ̀ ayọ́kẹ́lẹ́ se ìpolongo káàkiri ẹkùn tó wà lórílẹ̀èdè Nàíjírìà lọ́dún 1979 àti 1983.
"Fídíò, ,Mọ̀ síi nípa ìgbé ayé Oloye Ọbáfẹ́mi Awólọ̀wọ́,, Duration 2,49","Fídíò, ,Mọ̀ síi nípa ìgbé ayé Oloye Ọbáfẹ́mi Awólọ̀wọ́,, Duration 2,49",Awólọ̀wọ́ fi ọkọ̀ ayọ́kẹ́lẹ́ se ìpolongo káàkiri ẹkùn tó wà lórílẹ̀èdè Nàíjírìà lọ́dún 1979 àti 1983.
,,
,,
,,
,,
,,
,,
,,
,,
Ó ṣe! tọkọtaya yìí papòdà láàrín oṣù mẹ́sàn-án síra wọn,Ó ṣe! tọkọtaya yìí papòdà láàrín oṣù mẹ́sàn-án síra wọn,Àwọn mọ̀lẹ́bí tí ń gbèrò láti ṣe ayẹyẹ ìkẹyìn fún àwọn tọkọtaya tó papòdà láàárín oṣù mẹ́sàn-án síra wọn papọ̀ báyìí.
,,
,,
,,
,,
,,
,,
Ó ṣe! tọkọtaya yìí papòdà láàrín oṣù mẹ́sàn-án síra wọn,Ó ṣe! tọkọtaya yìí papòdà láàrín oṣù mẹ́sàn-án síra wọn,Àwọn mọ̀lẹ́bí tí ń gbèrò láti ṣe ayẹyẹ ìkẹyìn fún àwọn tọkọtaya tó papòdà láàárín oṣù mẹ́sàn-án síra wọn papọ̀ báyìí.
Sunday Igboho kò le wà ní àhámọ́ kí èmi máa ṣe wẹ̀jẹ-wẹ̀mu - Ọ̀jọ̀gbọ́n Banji Akintoye,Sunday Igboho kò le wà ní àhámọ́ kí èmi máa ṣe wẹ̀jẹ-wẹ̀mu - Ọ̀jọ̀gbọ́n Banji Akintoye,"O ni bi oun ṣe n wo o yii, ọna ti n la fun ominira ẹya Yoruba kuro labẹ orilẹede Naijiria."
,,
,,
,,
,,
,,
,,
Sunday Igboho kò le wà ní àhámọ́ kí èmi máa ṣe wẹ̀jẹ-wẹ̀mu - Ọ̀jọ̀gbọ́n Banji Akintoye,Sunday Igboho kò le wà ní àhámọ́ kí èmi máa ṣe wẹ̀jẹ-wẹ̀mu - Ọ̀jọ̀gbọ́n Banji Akintoye,"O ni bi oun ṣe n wo o yii, ọna ti n la fun ominira ẹya Yoruba kuro labẹ orilẹede Naijiria."
"Wo ìlú tí wọ́n ti fòfin dé yíya àwòrán ṣaájú ìgbéyàwó ìyẹn ""pre wedding picture"" àti ètò ìgbéyàwó mìíràn","Wo ìlú tí wọ́n ti fòfin dé yíya àwòrán ṣaájú ìgbéyàwó ìyẹn ""pre wedding picture"" àti ètò ìgbéyàwó mìíràn",Ìdí tí a fi gbégi dínà ṣíṣe àwọn ayẹyẹ wọ̀nyìí ni láti mú àdínkù bá bí àwọn èèyàn ṣe ń fi owo ati akoko ṣofo
,,
,,
,,
,,
,,
,,
"Wo ìlú tí wọ́n ti fòfin dé yíya àwòrán ṣaájú ìgbéyàwó ìyẹn ""pre wedding picture"" àti ètò ìgbéyàwó mìíràn","Wo ìlú tí wọ́n ti fòfin dé yíya àwòrán ṣaájú ìgbéyàwó ìyẹn ""pre wedding picture"" àti ètò ìgbéyàwó mìíràn",Ìdí tí a fi gbégi dínà ṣíṣe àwọn ayẹyẹ wọ̀nyìí ni láti mú àdínkù bá bí àwọn èèyàn ṣe ń fi owo ati akoko ṣofo
Só lè jẹ búrẹ́dì tí wọ́n fi Aáyán se?,Só lè jẹ búrẹ́dì tí wọ́n fi Aáyán se?,Àwọn onímọ̀ ẹ̀rọ nípa oúnjẹ lórílẹ̀èdè Brazil ti se ìyẹ̀fun búrẹ́dì pẹ̀lú àwọn kòkòrò bíi aáyán tó wọ́pọ̀ ní ilẹ̀ Àfíríkà.
,,
,,
,,
,,
,,
,,
Só lè jẹ búrẹ́dì tí wọ́n fi Aáyán se?,Só lè jẹ búrẹ́dì tí wọ́n fi Aáyán se?,Àwọn onímọ̀ ẹ̀rọ nípa oúnjẹ lórílẹ̀èdè Brazil ti se ìyẹ̀fun búrẹ́dì pẹ̀lú àwọn kòkòrò bíi aáyán tó wọ́pọ̀ ní ilẹ̀ Àfíríkà.
Àwọn aláṣẹ UK ti ṣèkìlọ̀ kónílé gbélé fún àwọn ènìyàn nítorí ìjì líle,Àwọn aláṣẹ UK ti ṣèkìlọ̀ kónílé gbélé fún àwọn ènìyàn nítorí ìjì líle,Ìkìlọ̀ yìí ni Di Met ní ó túmọ̀ sí pé àwọn nǹkan tí ìjì yìí le gbé le ṣe àkóbá fún àwọn ènìyàn.
,,
,,
,,
,,
,,
,,
Àwọn aláṣẹ UK ti ṣèkìlọ̀ kónílé gbélé fún àwọn ènìyàn nítorí ìjì líle,Àwọn aláṣẹ UK ti ṣèkìlọ̀ kónílé gbélé fún àwọn ènìyàn nítorí ìjì líle,Ìkìlọ̀ yìí ni Di Met ní ó túmọ̀ sí pé àwọn nǹkan tí ìjì yìí le gbé le ṣe àkóbá fún àwọn ènìyàn.
Èèyàn mẹ́tàdínlógún jóná nínú ìjàmbá ọkọ̀ lọ́nà mọ́rosẹ̀ Eko sí Ibadan,Èèyàn mẹ́tàdínlógún jóná nínú ìjàmbá ọkọ̀ lọ́nà mọ́rosẹ̀ Eko sí Ibadan,"Ọga ajọ ẹṣọ oju popo, FRSC, ni ipinlẹ Ogun, Ahmed Umar lo fidi iṣẹlẹ ọhun mulẹ fawọn akọroyin."
,,
,,
,,
,,
,,
,,
Èèyàn mẹ́tàdínlógún jóná nínú ìjàmbá ọkọ̀ lọ́nà mọ́rosẹ̀ Eko sí Ibadan,Èèyàn mẹ́tàdínlógún jóná nínú ìjàmbá ọkọ̀ lọ́nà mọ́rosẹ̀ Eko sí Ibadan,"Ọga ajọ ẹṣọ oju popo, FRSC, ni ipinlẹ Ogun, Ahmed Umar lo fidi iṣẹlẹ ọhun mulẹ fawọn akọroyin."
Ìbẹ̀rù-bojo gbalẹ̀ ṣáájú ìdìbò abẹ́nú gómìnà ẹgbẹ́ APC ní ìpínlẹ̀ Osun lọ́la,Ìbẹ̀rù-bojo gbalẹ̀ ṣáájú ìdìbò abẹ́nú gómìnà ẹgbẹ́ APC ní ìpínlẹ̀ Osun lọ́la,Oludije mẹta ni yoo kopa ninu ibo abẹnu yii lati mọ ẹni ti yoo ṣoju APC ninu idibo gomina ọjọ kẹrindinlogun oṣu keje ọdun 2022 yii.
,,
,,
,,
,,
,,
,,
Ìbẹ̀rù-bojo gbalẹ̀ ṣáájú ìdìbò abẹ́nú gómìnà ẹgbẹ́ APC ní ìpínlẹ̀ Osun lọ́la,Ìbẹ̀rù-bojo gbalẹ̀ ṣáájú ìdìbò abẹ́nú gómìnà ẹgbẹ́ APC ní ìpínlẹ̀ Osun lọ́la,Oludije mẹta ni yoo kopa ninu ibo abẹnu yii lati mọ ẹni ti yoo ṣoju APC ninu idibo gomina ọjọ kẹrindinlogun oṣu keje ọdun 2022 yii.
Wo àwọn ewu àti ànfàní márùn ún tó wà nínú igbó mímu,Wo àwọn ewu àti ànfàní márùn ún tó wà nínú igbó mímu,"Lootọ ni awọn onimọ ijinlẹ sọ pe igbo ni anfanni to n ṣe fun agọ ara, amọ, egboogi naa tun ni awọn ewu kan ninu."
,,
,,
,,
,,
,,
,,
Wo àwọn ewu àti ànfàní márùn ún tó wà nínú igbó mímu,Wo àwọn ewu àti ànfàní márùn ún tó wà nínú igbó mímu,"Lootọ ni awọn onimọ ijinlẹ sọ pe igbo ni anfanni to n ṣe fun agọ ara, amọ, egboogi naa tun ni awọn ewu kan ninu."
Èèyàn mẹ́tàlá jáde láyé léyìn tí wọ́n já sínú kànga níbi ayẹyẹ ìgbéyàwó,Èèyàn mẹ́tàlá jáde láyé léyìn tí wọ́n já sínú kànga níbi ayẹyẹ ìgbéyàwó,"Ileeṣẹ ọlọpaa sọ pe awọn to ba iṣẹlẹ laabi naa lọ, ti wọn jẹ ọmọde ati obinrin, joko sori pako kan ti wọn fi bo ori kọnga naa."
,,
,,
,,
,,
,,
,,
Èèyàn mẹ́tàlá jáde láyé léyìn tí wọ́n já sínú kànga níbi ayẹyẹ ìgbéyàwó,Èèyàn mẹ́tàlá jáde láyé léyìn tí wọ́n já sínú kànga níbi ayẹyẹ ìgbéyàwó,"Ileeṣẹ ọlọpaa sọ pe awọn to ba iṣẹlẹ laabi naa lọ, ti wọn jẹ ọmọde ati obinrin, joko sori pako kan ti wọn fi bo ori kọnga naa."
,,
,,
,,
Ìyá ẹni ọdún 102 kéde ìpinnu rẹ̀ láti díje du ipò Ààrẹ Naijiria lọ́dún 2023,Ìyá ẹni ọdún 102 kéde ìpinnu rẹ̀ láti díje du ipò Ààrẹ Naijiria lọ́dún 2023,"Iya agba naa, Nonye Josephine Ezeanyaeche sọ pe oun ni erongba rere fun Naijiria ti awọn araalu ba le dibo yan oun."
Ìyá ẹni ọdún 102 kéde ìpinnu rẹ̀ láti díje du ipò Ààrẹ Naijiria lọ́dún 2023,Ìyá ẹni ọdún 102 kéde ìpinnu rẹ̀ láti díje du ipò Ààrẹ Naijiria lọ́dún 2023,"Iya agba naa, Nonye Josephine Ezeanyaeche sọ pe oun ni erongba rere fun Naijiria ti awọn araalu ba le dibo yan oun."
,,
,,
,,
,,
,,
,,
Fọ́tò àǹkóò oyún ọmọ ìyá mẹ́ta gbòde kan,Fọ́tò àǹkóò oyún ọmọ ìyá mẹ́ta gbòde kan,Àwọn ọmọ ìyá mẹ́ta tí wọ́n jẹ́ ọmọ Nàìjírìa lóyún sí àsìkò kan náà ní ilẹ̀ Amẹ́ríkà.
,,
,,
,,
,,
,,
,,
Fọ́tò àǹkóò oyún ọmọ ìyá mẹ́ta gbòde kan,Fọ́tò àǹkóò oyún ọmọ ìyá mẹ́ta gbòde kan,Àwọn ọmọ ìyá mẹ́ta tí wọ́n jẹ́ ọmọ Nàìjírìa lóyún sí àsìkò kan náà ní ilẹ̀ Amẹ́ríkà.
Ààrẹ Mozambique tẹ́lẹ̀ rí jẹ́jọ́ lórí ẹ̀sùn ìwà ìbàjẹ́ tí wọ́n fi kan ọmọ rẹ̀,Ààrẹ Mozambique tẹ́lẹ̀ rí jẹ́jọ́ lórí ẹ̀sùn ìwà ìbàjẹ́ tí wọ́n fi kan ọmọ rẹ̀,Armando Guebuza to jẹ aarẹ Mozambique akọkọ ti yoo jẹrìí nile ẹjọ ṣalaye idi ti ijọba rẹ fi ya biliọnu meji dọla lati fi se ọsin ẹja.
,,
,,
,,
,,
,,
,,
Ààrẹ Mozambique tẹ́lẹ̀ rí jẹ́jọ́ lórí ẹ̀sùn ìwà ìbàjẹ́ tí wọ́n fi kan ọmọ rẹ̀,Ààrẹ Mozambique tẹ́lẹ̀ rí jẹ́jọ́ lórí ẹ̀sùn ìwà ìbàjẹ́ tí wọ́n fi kan ọmọ rẹ̀,Armando Guebuza to jẹ aarẹ Mozambique akọkọ ti yoo jẹrìí nile ẹjọ ṣalaye idi ti ijọba rẹ fi ya biliọnu meji dọla lati fi se ọsin ẹja.
Ẹnikẹ́ni tó bá tún fi ìyà jẹ òṣìṣẹ́ LASTMA l'Eko yóò fojú winá òfin- Ọ̀gá LASTMA,Ẹnikẹ́ni tó bá tún fi ìyà jẹ òṣìṣẹ́ LASTMA l'Eko yóò fojú winá òfin- Ọ̀gá LASTMA,"Ninu atẹjade kan ti ajọ LASTMA fi sita, Oreagba ni awọn awakọ to n tapa sofin iwakọ loju popo lo huwa ipa sawọn oṣiṣẹ LASTMA."
,,
,,
,,
,,
,,
,,
Ẹnikẹ́ni tó bá tún fi ìyà jẹ òṣìṣẹ́ LASTMA l'Eko yóò fojú winá òfin- Ọ̀gá LASTMA,Ẹnikẹ́ni tó bá tún fi ìyà jẹ òṣìṣẹ́ LASTMA l'Eko yóò fojú winá òfin- Ọ̀gá LASTMA,"Ninu atẹjade kan ti ajọ LASTMA fi sita, Oreagba ni awọn awakọ to n tapa sofin iwakọ loju popo lo huwa ipa sawọn oṣiṣẹ LASTMA."
"Yàtọ̀ sí Bimbo Success àti Kemi Korede, wo àwọn míì tí wọ́n ń pariwo Funke Akindele kiri","Yàtọ̀ sí Bimbo Success àti Kemi Korede, wo àwọn míì tí wọ́n ń pariwo Funke Akindele kiri","Gbajúgbajà òṣèré tíátà, Bimbo Success tí kọrin ìyìn kí akẹgbẹ́ rẹ̀ Funke Akindele fún ìrànlọ́wọ́ tó ṣe fún un lórí àwọn ìbejì rẹ̀."
,,
,,
,,
,,
,,
,,
"Yàtọ̀ sí Bimbo Success àti Kemi Korede, wo àwọn míì tí wọ́n ń pariwo Funke Akindele kiri","Yàtọ̀ sí Bimbo Success àti Kemi Korede, wo àwọn míì tí wọ́n ń pariwo Funke Akindele kiri","Gbajúgbajà òṣèré tíátà, Bimbo Success tí kọrin ìyìn kí akẹgbẹ́ rẹ̀ Funke Akindele fún ìrànlọ́wọ́ tó ṣe fún un lórí àwọn ìbejì rẹ̀."
Àwọn òṣìṣẹ́ wa kò lọ́wọ́ nínú gbígbé egbògi olóró - NDLEA,Àwọn òṣìṣẹ́ wa kò lọ́wọ́ nínú gbígbé egbògi olóró - NDLEA,Ajọ ND:EA to n gbogun ti oogun oloro ni Naijiria ti kede pe wọn ko ni daṣọ bó òṣìṣẹ́ kankan tó bá lọ́wọ́ nínú gbígbé egbògi olóró.
,,
,,
,,
,,
,,
,,
Àwọn òṣìṣẹ́ wa kò lọ́wọ́ nínú gbígbé egbògi olóró - NDLEA,Àwọn òṣìṣẹ́ wa kò lọ́wọ́ nínú gbígbé egbògi olóró - NDLEA,Ajọ ND:EA to n gbogun ti oogun oloro ni Naijiria ti kede pe wọn ko ni daṣọ bó òṣìṣẹ́ kankan tó bá lọ́wọ́ nínú gbígbé egbògi olóró.
"Ìjọba ìpínlẹ̀ Kogi buwọ́lu ₦30,000 owó oṣù òṣìṣẹ́ tó kéré jùlọ","Ìjọba ìpínlẹ̀ Kogi buwọ́lu ₦30,000 owó oṣù òṣìṣẹ́ tó kéré jùlọ","Akọwe ijọba ipinlẹ ọhun, Folashade Arike Ayoade lo kede igbesẹ yii lẹyin ipade kan pẹlu ẹgbẹ oṣiṣẹ niluu Lokoja."
,,
,,
,,
,,
,,
,,
"Ìjọba ìpínlẹ̀ Kogi buwọ́lu ₦30,000 owó oṣù òṣìṣẹ́ tó kéré jùlọ","Ìjọba ìpínlẹ̀ Kogi buwọ́lu ₦30,000 owó oṣù òṣìṣẹ́ tó kéré jùlọ","Akọwe ijọba ipinlẹ ọhun, Folashade Arike Ayoade lo kede igbesẹ yii lẹyin ipade kan pẹlu ẹgbẹ oṣiṣẹ niluu Lokoja."
Ǹjẹ́ ó mọ̀ nípa Álífábẹ́ẹ̀tì Oduduwa àti bí o ṣe lè lòó fi gbé èdè Yorùbá ga?,Ǹjẹ́ ó mọ̀ nípa Álífábẹ́ẹ̀tì Oduduwa àti bí o ṣe lè lòó fi gbé èdè Yorùbá ga?,"Ile ẹkọ kan to n ṣe agbatẹru kikọ alfabẹẹti Oduduwa, Oduduwa Alphabetic Academy School wa ni Ajase ni orilẹ ede Benin Republic."
,,
,,
,,
,,
,,
,,
Ǹjẹ́ ó mọ̀ nípa Álífábẹ́ẹ̀tì Oduduwa àti bí o ṣe lè lòó fi gbé èdè Yorùbá ga?,Ǹjẹ́ ó mọ̀ nípa Álífábẹ́ẹ̀tì Oduduwa àti bí o ṣe lè lòó fi gbé èdè Yorùbá ga?,"Ile ẹkọ kan to n ṣe agbatẹru kikọ alfabẹẹti Oduduwa, Oduduwa Alphabetic Academy School wa ni Ajase ni orilẹ ede Benin Republic."
Ṣé lóòtọ́ ni ìjà ti bẹ́ sílẹ̀ láàrín Pasuma àti 'Manager' rẹ̀ lórí ọ̀rọ̀ owó?,Ṣé lóòtọ́ ni ìjà ti bẹ́ sílẹ̀ láàrín Pasuma àti 'Manager' rẹ̀ lórí ọ̀rọ̀ owó?,"Gẹgẹ bii ohun ti a gbọ, ija naa ko ṣẹyin ọrọ owo kan to yẹ ki ididowo fi ṣọwọ si Pasuma ṣugbọn ti ko ṣe bẹẹ."
,,
,,
,,
,,
,,
,,
Ṣé lóòtọ́ ni ìjà ti bẹ́ sílẹ̀ láàrín Pasuma àti 'Manager' rẹ̀ lórí ọ̀rọ̀ owó?,Ṣé lóòtọ́ ni ìjà ti bẹ́ sílẹ̀ láàrín Pasuma àti 'Manager' rẹ̀ lórí ọ̀rọ̀ owó?,"Gẹgẹ bii ohun ti a gbọ, ija naa ko ṣẹyin ọrọ owo kan to yẹ ki ididowo fi ṣọwọ si Pasuma ṣugbọn ti ko ṣe bẹẹ."
Wo ohun tí ìjọba ṣe fún akẹ́kọ̀ọ́ kílààsì SS 2 tó gbá Olùkọ́ létí ní Ibadan,Wo ohun tí ìjọba ṣe fún akẹ́kọ̀ọ́ kílààsì SS 2 tó gbá Olùkọ́ létí ní Ibadan,Ìjọba ìpínlẹ̀ Oyo ti dá akẹ́kọ̀ọ́ SS 2 dúró fún oṣù kan nítorí tó gbá olùkọ́ létí ní Ibadan
,,
,,
,,
,,
,,
,,
Wo ohun tí ìjọba ṣe fún akẹ́kọ̀ọ́ kílààsì SS 2 tó gbá Olùkọ́ létí ní Ibadan,Wo ohun tí ìjọba ṣe fún akẹ́kọ̀ọ́ kílààsì SS 2 tó gbá Olùkọ́ létí ní Ibadan,Ìjọba ìpínlẹ̀ Oyo ti dá akẹ́kọ̀ọ́ SS 2 dúró fún oṣù kan nítorí tó gbá olùkọ́ létí ní Ibadan
"Eré Ìdárayá,Wo gbogbo ẹ̀",,
,,
,,
Wọ́n ti fi orúkọ Sadio MAne sọ pápá ìṣeré kan ní Senegal,Wọ́n ti fi orúkọ Sadio MAne sọ pápá ìṣeré kan ní Senegal,Olootu ijọba ẹkun kan ni Senegal fi orukọ Sadio Mane sọ papa iṣere lẹyin aṣeyọri rẹ ni Cameroon.
,,
,,
,,
,,
,,
,,
Wọ́n ti fi orúkọ Sadio MAne sọ pápá ìṣeré kan ní Senegal,Wọ́n ti fi orúkọ Sadio MAne sọ pápá ìṣeré kan ní Senegal,Olootu ijọba ẹkun kan ni Senegal fi orukọ Sadio Mane sọ papa iṣere lẹyin aṣeyọri rẹ ni Cameroon.
Manchester United dá Greenwood dúró lẹ́yìn tí ọ̀rẹ́bìnrin rẹ̀ sọ pé ó lu òun,Manchester United dá Greenwood dúró lẹ́yìn tí ọ̀rẹ́bìnrin rẹ̀ sọ pé ó lu òun,Ẹgbẹ agbabọọlu Mancheste rUnited da Mason Greenwood duro
,,
,,
,,
,,
,,
,,
Manchester United dá Greenwood dúró lẹ́yìn tí ọ̀rẹ́bìnrin rẹ̀ sọ pé ó lu òun,Manchester United dá Greenwood dúró lẹ́yìn tí ọ̀rẹ́bìnrin rẹ̀ sọ pé ó lu òun,Ẹgbẹ agbabọọlu Mancheste rUnited da Mason Greenwood duro
Wo ibi tí ọ̀rọ̀ dé dúró ní pa AFCON,Wo ibi tí ọ̀rọ̀ dé dúró ní pa AFCON,Igba kẹtalelgbọn ree ti idije naa n waye ti Cameroon si n gba alejo awọn agbabọọlu Adulawo to ku.
,,
,,
,,
,,
,,
,,
Wo ibi tí ọ̀rọ̀ dé dúró ní pa AFCON,Wo ibi tí ọ̀rọ̀ dé dúró ní pa AFCON,Igba kẹtalelgbọn ree ti idije naa n waye ti Cameroon si n gba alejo awọn agbabọọlu Adulawo to ku.
"Ṣé lóòtọ́ ni abẹ́ Venus Williams ẹni ọdún 41 ṣì dí pa, tí kò tíì bá ọkùnrin kankan lájọṣepọ̀ rí?","Ṣé lóòtọ́ ni abẹ́ Venus Williams ẹni ọdún 41 ṣì dí pa, tí kò tíì bá ọkùnrin kankan lájọṣepọ̀ rí?","Iroyin ti a gbọ ni pe, Venus Williams ko tii mọ ọkunrin bo tilẹ jẹ pe o ti pe ọmọ ọdun mọkanlelogoji bayii."
,,
,,
,,
,,
,,
,,
"Ṣé lóòtọ́ ni abẹ́ Venus Williams ẹni ọdún 41 ṣì dí pa, tí kò tíì bá ọkùnrin kankan lájọṣepọ̀ rí?","Ṣé lóòtọ́ ni abẹ́ Venus Williams ẹni ọdún 41 ṣì dí pa, tí kò tíì bá ọkùnrin kankan lájọṣepọ̀ rí?","Iroyin ti a gbọ ni pe, Venus Williams ko tii mọ ọkunrin bo tilẹ jẹ pe o ti pe ọmọ ọdun mọkanlelogoji bayii."
,,
,,
,,
"Fídíò, ,Ọwọ́ ọlọ́pàá ṣì máa tẹ̀ gbogbo àwọn èrò tó kópa nínú dídáná sun àwọn afurasí Oja Odan- Olọ́pàá,, Duration 5,11","Fídíò, ,Ọwọ́ ọlọ́pàá ṣì máa tẹ̀ gbogbo àwọn èrò tó kópa nínú dídáná sun àwọn afurasí Oja Odan- Olọ́pàá,, Duration 5,11",E wa wo ohun ti BBC Yoruba bá bọ láti Oja Odan nibi ti awọn ara ilu ti dana sun afurasi meji ti wọn ka ori mo lọwọ.
"Fídíò, ,Ọwọ́ ọlọ́pàá ṣì máa tẹ̀ gbogbo àwọn èrò tó kópa nínú dídáná sun àwọn afurasí Oja Odan- Olọ́pàá,, Duration 5,11","Fídíò, ,Ọwọ́ ọlọ́pàá ṣì máa tẹ̀ gbogbo àwọn èrò tó kópa nínú dídáná sun àwọn afurasí Oja Odan- Olọ́pàá,, Duration 5,11",E wa wo ohun ti BBC Yoruba bá bọ láti Oja Odan nibi ti awọn ara ilu ti dana sun afurasi meji ti wọn ka ori mo lọwọ.
,,
,,
,,
,,
,,
,,
,,
,,
"Fídíò, ,Ìjẹ̀bú: Àgbàlàgbà ni mo máa ń ṣe nínú eré tẹ́lẹ̀,, Duration 3,38","Fídíò, ,Ìjẹ̀bú: Àgbàlàgbà ni mo máa ń ṣe nínú eré tẹ́lẹ̀,, Duration 3,38",'Ìjẹ̀bú' òṣèèré Yollywood ṣalaye fún BBC Yorùbá pé Sanyẹri lo gbé òun jáde pẹ̀lú sinimá 'Ọ̀pá kan'
,,
,,
,,
,,
,,
,,
,,
,,
"Fídíò, ,Ìjẹ̀bú: Àgbàlàgbà ni mo máa ń ṣe nínú eré tẹ́lẹ̀,, Duration 3,38","Fídíò, ,Ìjẹ̀bú: Àgbàlàgbà ni mo máa ń ṣe nínú eré tẹ́lẹ̀,, Duration 3,38",'Ìjẹ̀bú' òṣèèré Yollywood ṣalaye fún BBC Yorùbá pé Sanyẹri lo gbé òun jáde pẹ̀lú sinimá 'Ọ̀pá kan'
"Fídíò, ,Ìyàwó mi fẹ́ràn ìrìnàjò òfurufú ni mo ṣe kọ́ ilé Bàálù yìí fún un,, Duration 2,23","Fídíò, ,Ìyàwó mi fẹ́ràn ìrìnàjò òfurufú ni mo ṣe kọ́ ilé Bàálù yìí fún un,, Duration 2,23","Said jamal kọ ile to ri bii ọkọ baalu fun iyawo tori o fẹran lati maa rinrinajo, ko le maa ro pe o wa ninu baalu ni gbogbo igba."
,,
,,
,,
,,
,,
,,
,,
,,
"Fídíò, ,Ìyàwó mi fẹ́ràn ìrìnàjò òfurufú ni mo ṣe kọ́ ilé Bàálù yìí fún un,, Duration 2,23","Fídíò, ,Ìyàwó mi fẹ́ràn ìrìnàjò òfurufú ni mo ṣe kọ́ ilé Bàálù yìí fún un,, Duration 2,23","Said jamal kọ ile to ri bii ọkọ baalu fun iyawo tori o fẹran lati maa rinrinajo, ko le maa ro pe o wa ninu baalu ni gbogbo igba."
"Fídíò, ,Àwọn ti a jọ ń 'robb' lo pa Ìyá mi sínú ẹ̀jẹ̀ ní 'Mission House'- Alufaa Oluwasegunfunmi,, Duration 12,14","Fídíò, ,Àwọn ti a jọ ń 'robb' lo pa Ìyá mi sínú ẹ̀jẹ̀ ní 'Mission House'- Alufaa Oluwasegunfunmi,, Duration 12,14","Adigunjale ẹlẹ́gbẹ́ okùnkùn tó padà di Alufaa, Oluwasegunfunmi to sọ irinajo rẹ lẹkunrẹrẹ fun BBC ki awọn ọ̀dọ́ le wa kọ ẹkọ."
,,
,,
,,
,,
,,
,,
,,
,,
"Fídíò, ,Àwọn ti a jọ ń 'robb' lo pa Ìyá mi sínú ẹ̀jẹ̀ ní 'Mission House'- Alufaa Oluwasegunfunmi,, Duration 12,14","Fídíò, ,Àwọn ti a jọ ń 'robb' lo pa Ìyá mi sínú ẹ̀jẹ̀ ní 'Mission House'- Alufaa Oluwasegunfunmi,, Duration 12,14","Adigunjale ẹlẹ́gbẹ́ okùnkùn tó padà di Alufaa, Oluwasegunfunmi to sọ irinajo rẹ lẹkunrẹrẹ fun BBC ki awọn ọ̀dọ́ le wa kọ ẹkọ."
"Fídíò, ,'Ǹkan tó jẹ́ kí iṣẹ́ ọ̀nà tèmi yàtọ̀ lágbàáyé ni ǹkan tí mò ń lò',, Duration 3,33","Fídíò, ,'Ǹkan tó jẹ́ kí iṣẹ́ ọ̀nà tèmi yàtọ̀ lágbàáyé ni ǹkan tí mò ń lò',, Duration 3,33",Ọ̀nà láti má jẹ́ kí àṣà parun míì ti ń jẹyọ táwọn ọdọ́ Yorùbá sì ń rọ́ sí i.
,,
,,
,,
,,
,,
,,
,,
,,
"Fídíò, ,'Ǹkan tó jẹ́ kí iṣẹ́ ọ̀nà tèmi yàtọ̀ lágbàáyé ni ǹkan tí mò ń lò',, Duration 3,33","Fídíò, ,'Ǹkan tó jẹ́ kí iṣẹ́ ọ̀nà tèmi yàtọ̀ lágbàáyé ni ǹkan tí mò ń lò',, Duration 3,33",Ọ̀nà láti má jẹ́ kí àṣà parun míì ti ń jẹyọ táwọn ọdọ́ Yorùbá sì ń rọ́ sí i.
"Fídíò, ,'Colour Ghana Must Go' ló tú àṣírí Tọkọtayà náà níbi tí wọ́n kó ifún ọ̀rẹ́ ìyàwó tí wọ́n pa tà náà sí- Baale Leme,, Duration 7,30","Fídíò, ,'Colour Ghana Must Go' ló tú àṣírí Tọkọtayà náà níbi tí wọ́n kó ifún ọ̀rẹ́ ìyàwó tí wọ́n pa tà náà sí- Baale Leme,, Duration 7,30","Baale Leme, Alhaji Moshood salaye fun BBC bí ara adugbo se ri apa, ẹsẹ àti aya ọmọbinrin ti wọn pa náà"
,,
,,
,,
,,
,,
,,
,,
,,
"Fídíò, ,'Colour Ghana Must Go' ló tú àṣírí Tọkọtayà náà níbi tí wọ́n kó ifún ọ̀rẹ́ ìyàwó tí wọ́n pa tà náà sí- Baale Leme,, Duration 7,30","Fídíò, ,'Colour Ghana Must Go' ló tú àṣírí Tọkọtayà náà níbi tí wọ́n kó ifún ọ̀rẹ́ ìyàwó tí wọ́n pa tà náà sí- Baale Leme,, Duration 7,30","Baale Leme, Alhaji Moshood salaye fun BBC bí ara adugbo se ri apa, ẹsẹ àti aya ọmọbinrin ti wọn pa náà"
"Fídíò, ,Mọ̀ síi nípa ìdílé Alágbẹ̀dẹ àkọ́kọ́ ní ìlú Ibadan,, Duration 3,35","Fídíò, ,Mọ̀ síi nípa ìdílé Alágbẹ̀dẹ àkọ́kọ́ ní ìlú Ibadan,, Duration 3,35","Idile Adodo ni awọn ni agbẹdẹ akọkọ ni iwọ oorun guusu Naijiria, bẹẹ si ni idile wọn lo ma n rọ ibon ati ọta fun awọn jagunjagun latijọ."
,,
,,
,,
,,
,,
,,
,,
,,
"Fídíò, ,Mọ̀ síi nípa ìdílé Alágbẹ̀dẹ àkọ́kọ́ ní ìlú Ibadan,, Duration 3,35","Fídíò, ,Mọ̀ síi nípa ìdílé Alágbẹ̀dẹ àkọ́kọ́ ní ìlú Ibadan,, Duration 3,35","Idile Adodo ni awọn ni agbẹdẹ akọkọ ni iwọ oorun guusu Naijiria, bẹẹ si ni idile wọn lo ma n rọ ibon ati ọta fun awọn jagunjagun latijọ."
"Fídíò, ,Mí o mọ̀ pé ikú ni 'Distinction' tí OAU ni fún ọmọ mi Heritage- Ìyá ọmọ tó jábọ́ sí 'Soak away'ní Ife,, Duration 9,23","Fídíò, ,Mí o mọ̀ pé ikú ni 'Distinction' tí OAU ni fún ọmọ mi Heritage- Ìyá ọmọ tó jábọ́ sí 'Soak away'ní Ife,, Duration 9,23",BBC ba Iya àti Baba Heritage pelu alukoro Fasiti Ile Ife atawọn akẹkọọ sọrọ lori iku Heritage to jabọ sinu koto ile igbonse nigab to n sa aṣọ.
,,
,,
,,
,,
,,
,,
,,
,,
"Fídíò, ,Mí o mọ̀ pé ikú ni 'Distinction' tí OAU ni fún ọmọ mi Heritage- Ìyá ọmọ tó jábọ́ sí 'Soak away'ní Ife,, Duration 9,23","Fídíò, ,Mí o mọ̀ pé ikú ni 'Distinction' tí OAU ni fún ọmọ mi Heritage- Ìyá ọmọ tó jábọ́ sí 'Soak away'ní Ife,, Duration 9,23",BBC ba Iya àti Baba Heritage pelu alukoro Fasiti Ile Ife atawọn akẹkọọ sọrọ lori iku Heritage to jabọ sinu koto ile igbonse nigab to n sa aṣọ.
"Fídíò, ,Abúlé tí wọn kìí ti sọ ọmọ ní orúkọ, ohùn arò ni wọ́n fi ń pè wọ́n,, Duration 1,15","Fídíò, ,Abúlé tí wọn kìí ti sọ ọmọ ní orúkọ, ohùn arò ni wọ́n fi ń pè wọ́n,, Duration 1,15","Iwadii BBC fihan pe, oniruuru ohun ati ife lo wa fun idamọ ọmọ kọọkan, iya ati baba lo si maa n lo awọn ohun yii."
,,
,,
,,
,,
,,
,,
,,
,,
"Fídíò, ,Abúlé tí wọn kìí ti sọ ọmọ ní orúkọ, ohùn arò ni wọ́n fi ń pè wọ́n,, Duration 1,15","Fídíò, ,Abúlé tí wọn kìí ti sọ ọmọ ní orúkọ, ohùn arò ni wọ́n fi ń pè wọ́n,, Duration 1,15","Iwadii BBC fihan pe, oniruuru ohun ati ife lo wa fun idamọ ọmọ kọọkan, iya ati baba lo si maa n lo awọn ohun yii."
"Fídíò, ,'Ìyá Tíṣà lòdì sí kí n mutí, fagbó tàbí sìgá',, Duration 2,30","Fídíò, ,'Ìyá Tíṣà lòdì sí kí n mutí, fagbó tàbí sìgá',, Duration 2,30",Temi Adekunle tí gbogbo ènìyàn mọ̀ sí 'Small Doctor' gba àwọn ọ̀dọ́ tó ń mugbó nímọ̀ràn.
,,
,,
,,
,,
,,
,,
,,
,,
"Fídíò, ,'Ìyá Tíṣà lòdì sí kí n mutí, fagbó tàbí sìgá',, Duration 2,30","Fídíò, ,'Ìyá Tíṣà lòdì sí kí n mutí, fagbó tàbí sìgá',, Duration 2,30",Temi Adekunle tí gbogbo ènìyàn mọ̀ sí 'Small Doctor' gba àwọn ọ̀dọ́ tó ń mugbó nímọ̀ràn.
,,
,,
,,
"Ẹ̀yin ará ìlú ẹ má bìnú, kìí ṣe pé a mọ̀ọ́mọ̀ kó epo tí kò dáa wọ Naijiria","Ẹ̀yin ará ìlú ẹ má bìnú, kìí ṣe pé a mọ̀ọ́mọ̀ kó epo tí kò dáa wọ Naijiria","Adari NNPC lo fi ọrọ naa lede niwaju igbimọ to n ṣewadii ọwọngogo epo to wa lode, eyii ti ile igbimọ aṣoju-ṣofin gbe kalẹ."
"Ẹ̀yin ará ìlú ẹ má bìnú, kìí ṣe pé a mọ̀ọ́mọ̀ kó epo tí kò dáa wọ Naijiria","Ẹ̀yin ará ìlú ẹ má bìnú, kìí ṣe pé a mọ̀ọ́mọ̀ kó epo tí kò dáa wọ Naijiria","Adari NNPC lo fi ọrọ naa lede niwaju igbimọ to n ṣewadii ọwọngogo epo to wa lode, eyii ti ile igbimọ aṣoju-ṣofin gbe kalẹ."
,,
,,
,,
,,
,,
,,
Ìwádìí tó kúná ni a fẹ́ láti mọ̀ àwọn Onígbọ̀wọ́ olóògùn owó ní Oja Odan- Oba Oladiipo Oyebamiji,Ìwádìí tó kúná ni a fẹ́ láti mọ̀ àwọn Onígbọ̀wọ́ olóògùn owó ní Oja Odan- Oba Oladiipo Oyebamiji,Oja Odan ni awọn ọdọ ilu ti binu dana sun awọn afurasi ti wọn mu pe wọn pa ọdọ kan fun oogun owo laipẹ.
,,
,,
,,
,,
,,
,,
Ìwádìí tó kúná ni a fẹ́ láti mọ̀ àwọn Onígbọ̀wọ́ olóògùn owó ní Oja Odan- Oba Oladiipo Oyebamiji,Ìwádìí tó kúná ni a fẹ́ láti mọ̀ àwọn Onígbọ̀wọ́ olóògùn owó ní Oja Odan- Oba Oladiipo Oyebamiji,Oja Odan ni awọn ọdọ ilu ti binu dana sun awọn afurasi ti wọn mu pe wọn pa ọdọ kan fun oogun owo laipẹ.
Gómìnà Zulum ṣe ìkìlọ̀ lórí ìdúnkookò ikọ̀ agbéṣumọ̀mí ISWAP sí Nàìjíríà,Gómìnà Zulum ṣe ìkìlọ̀ lórí ìdúnkookò ikọ̀ agbéṣumọ̀mí ISWAP sí Nàìjíríà,Gomina Zulum wá rọ Ààrẹ Muhammadu Buhari láti tété wá àtìlẹyìn àwọn ọmọ ogun ilẹ̀ òkèrè láti kojú ikọ̀ àwọn agbéṣùmọ̀mí náà.
,,
,,
,,
,,
,,
,,
Gómìnà Zulum ṣe ìkìlọ̀ lórí ìdúnkookò ikọ̀ agbéṣumọ̀mí ISWAP sí Nàìjíríà,Gómìnà Zulum ṣe ìkìlọ̀ lórí ìdúnkookò ikọ̀ agbéṣumọ̀mí ISWAP sí Nàìjíríà,Gomina Zulum wá rọ Ààrẹ Muhammadu Buhari láti tété wá àtìlẹyìn àwọn ọmọ ogun ilẹ̀ òkèrè láti kojú ikọ̀ àwọn agbéṣùmọ̀mí náà.
Amotekun Ondo gbẹ́sẹ̀lé ọkọ̀ àjàgbé tó ń kó àwọn ọ̀dọ́ 63 láti Gombe lọ sí Eko,Amotekun Ondo gbẹ́sẹ̀lé ọkọ̀ àjàgbé tó ń kó àwọn ọ̀dọ́ 63 láti Gombe lọ sí Eko,"Iṣẹlẹ naa waye ni ilu Iju, to wa laarin ilu Ado Ekiti si ilu Akure."
,,
,,
,,
,,
,,
,,
Amotekun Ondo gbẹ́sẹ̀lé ọkọ̀ àjàgbé tó ń kó àwọn ọ̀dọ́ 63 láti Gombe lọ sí Eko,Amotekun Ondo gbẹ́sẹ̀lé ọkọ̀ àjàgbé tó ń kó àwọn ọ̀dọ́ 63 láti Gombe lọ sí Eko,"Iṣẹlẹ naa waye ni ilu Iju, to wa laarin ilu Ado Ekiti si ilu Akure."
Kìlọ̀ fún àwọn ènìyàn rẹ láti yé da àlááfíà ìlú láàmú- Ìjọba ìpínlẹ̀ Osun sí Aregbesola,Kìlọ̀ fún àwọn ènìyàn rẹ láti yé da àlááfíà ìlú láàmú- Ìjọba ìpínlẹ̀ Osun sí Aregbesola,"Aáwọ̀ àárín Gómìnà Oyetola àti Mínísìtà fọ́rọ̀ Abélé, Aregbesola tún ń le si bí ètò ìdìbò gómìnà ìpínlẹ̀ Osun ṣe ń súnmọ́ etílé."
,,
,,
,,
,,
,,
,,
Kìlọ̀ fún àwọn ènìyàn rẹ láti yé da àlááfíà ìlú láàmú- Ìjọba ìpínlẹ̀ Osun sí Aregbesola,Kìlọ̀ fún àwọn ènìyàn rẹ láti yé da àlááfíà ìlú láàmú- Ìjọba ìpínlẹ̀ Osun sí Aregbesola,"Aáwọ̀ àárín Gómìnà Oyetola àti Mínísìtà fọ́rọ̀ Abélé, Aregbesola tún ń le si bí ètò ìdìbò gómìnà ìpínlẹ̀ Osun ṣe ń súnmọ́ etílé."
EFCC gbẹ́sẹ̀lé dúkìá ọ̀gá olọgun tí iye rẹ̀ tó ₦10.9b,EFCC gbẹ́sẹ̀lé dúkìá ọ̀gá olọgun tí iye rẹ̀ tó ₦10.9b,"Lara awọn ipinlẹ ti awọn dukia naa wa ni Kano, Kaduna, Borno ati Cross River."
,,
,,
,,
,,
,,
,,
EFCC gbẹ́sẹ̀lé dúkìá ọ̀gá olọgun tí iye rẹ̀ tó ₦10.9b,EFCC gbẹ́sẹ̀lé dúkìá ọ̀gá olọgun tí iye rẹ̀ tó ₦10.9b,"Lara awọn ipinlẹ ti awọn dukia naa wa ni Kano, Kaduna, Borno ati Cross River."
Ẹ̀kún omi gbé èèyàn méjìdínlógójì lọ nílùú Petrópolis ní orílẹ́èdè Brazil,Ẹ̀kún omi gbé èèyàn méjìdínlógójì lọ nílùú Petrópolis ní orílẹ́èdè Brazil,"Ni Ọjọru, ọjọ kẹrindinlogun, oṣu keji ọdun 2022 ni iṣẹlẹ ọhun ṣelẹ, ti wọn si n ka iye awọn to ba ijamba naa rin niluu Petrópolis."
,,
,,
,,
,,
,,
,,
Ẹ̀kún omi gbé èèyàn méjìdínlógójì lọ nílùú Petrópolis ní orílẹ́èdè Brazil,Ẹ̀kún omi gbé èèyàn méjìdínlógójì lọ nílùú Petrópolis ní orílẹ́èdè Brazil,"Ni Ọjọru, ọjọ kẹrindinlogun, oṣu keji ọdun 2022 ni iṣẹlẹ ọhun ṣelẹ, ti wọn si n ka iye awọn to ba ijamba naa rin niluu Petrópolis."
"Algeria yóò bẹ̀rẹ̀ sí ní san N41,000 fáwọn ọ̀dọ́ tí kò rí iṣẹ́ ṣe lóṣù tó ń bọ̀","Algeria yóò bẹ̀rẹ̀ sí ní san N41,000 fáwọn ọ̀dọ́ tí kò rí iṣẹ́ ṣe lóṣù tó ń bọ̀",Ijọba kede pe oun ti ṣe eto lati maa ran awọn ọdọ lọwọ latari bi airiṣẹ ṣe ti pọ ni orilẹede naa.
,,
,,
,,
,,
,,
,,
"Algeria yóò bẹ̀rẹ̀ sí ní san N41,000 fáwọn ọ̀dọ́ tí kò rí iṣẹ́ ṣe lóṣù tó ń bọ̀","Algeria yóò bẹ̀rẹ̀ sí ní san N41,000 fáwọn ọ̀dọ́ tí kò rí iṣẹ́ ṣe lóṣù tó ń bọ̀",Ijọba kede pe oun ti ṣe eto lati maa ran awọn ọdọ lọwọ latari bi airiṣẹ ṣe ti pọ ni orilẹede naa.
Iléẹjọ́ tún sún ìgbẹ́jọ́ olórí ẹgbẹ́ IPOB Nnamdi Kanu síwájú,Iléẹjọ́ tún sún ìgbẹ́jọ́ olórí ẹgbẹ́ IPOB Nnamdi Kanu síwájú,"Kanu n koju ẹsun marun un ọtọtọ to da lori igbesumọmi, iṣọtẹ, iyapa ati jijẹ ọkan lara awọn ọmọ ẹgbẹ ti ijọba apapọ ti fofin de."
,,
,,
,,
,,
,,
,,
Iléẹjọ́ tún sún ìgbẹ́jọ́ olórí ẹgbẹ́ IPOB Nnamdi Kanu síwájú,Iléẹjọ́ tún sún ìgbẹ́jọ́ olórí ẹgbẹ́ IPOB Nnamdi Kanu síwájú,"Kanu n koju ẹsun marun un ọtọtọ to da lori igbesumọmi, iṣọtẹ, iyapa ati jijẹ ọkan lara awọn ọmọ ẹgbẹ ti ijọba apapọ ti fofin de."
Wo ọkùnrin kan tó fi N1.2m gbẹ́ ibojì rẹ̀ sílẹ̀ nígbà tó sì wà láàyè,Wo ọkùnrin kan tó fi N1.2m gbẹ́ ibojì rẹ̀ sílẹ̀ nígbà tó sì wà láàyè,"Patrick Kimaro ni nigba ti oun wa ni kekere, o nira fun oun lati sin baba ati mama oun tori oṣu mẹfa ni wọn ku sira wọn."
,,
,,
,,
,,
,,
,,
Wo ọkùnrin kan tó fi N1.2m gbẹ́ ibojì rẹ̀ sílẹ̀ nígbà tó sì wà láàyè,Wo ọkùnrin kan tó fi N1.2m gbẹ́ ibojì rẹ̀ sílẹ̀ nígbà tó sì wà láàyè,"Patrick Kimaro ni nigba ti oun wa ni kekere, o nira fun oun lati sin baba ati mama oun tori oṣu mẹfa ni wọn ku sira wọn."
"Àwọn Ìròyìn Kàyééfì míràn,Wo gbogbo ẹ̀",,
,,
,,
Olaleye Paul rí ẹ̀wọ̀n he ní àyájọ́ olólùfẹ́ ní Ilọrin,Olaleye Paul rí ẹ̀wọ̀n he ní àyájọ́ olólùfẹ́ ní Ilọrin,Onídàjọ́ Sani ní Paul jẹ̀bi ẹ̀sùn mẹ́tẹ̀ẹ̀ta tí wọ́n fi kàn án tó sì jù ú sí ẹ̀wọ̀n ọdún kan àbọ̀.
Olaleye Paul rí ẹ̀wọ̀n he ní àyájọ́ olólùfẹ́ ní Ilọrin,Olaleye Paul rí ẹ̀wọ̀n he ní àyájọ́ olólùfẹ́ ní Ilọrin,Onídàjọ́ Sani ní Paul jẹ̀bi ẹ̀sùn mẹ́tẹ̀ẹ̀ta tí wọ́n fi kàn án tó sì jù ú sí ẹ̀wọ̀n ọdún kan àbọ̀.
,,
,,
,,
,,
,,
,,
Awakọ̀ dáná sun ara rẹ̀ lórí bí àwọn 'task force' ṣe mu l'Eko,Awakọ̀ dáná sun ara rẹ̀ lórí bí àwọn 'task force' ṣe mu l'Eko,"Iṣẹlẹ naa waye lasiko ti awọn oṣiṣẹ igbimọ amuṣẹya ileeṣẹ to n ri si irinna ọkọ oju popo, task force, n mu awọn ọkọ kan nitosi papakọ ofurufu"
,,
,,
,,
,,
,,
,,
Awakọ̀ dáná sun ara rẹ̀ lórí bí àwọn 'task force' ṣe mu l'Eko,Awakọ̀ dáná sun ara rẹ̀ lórí bí àwọn 'task force' ṣe mu l'Eko,"Iṣẹlẹ naa waye lasiko ti awọn oṣiṣẹ igbimọ amuṣẹya ileeṣẹ to n ri si irinna ọkọ oju popo, task force, n mu awọn ọkọ kan nitosi papakọ ofurufu"
Ìjọba Canada ṣetán láti gbẹ́sẹ̀ lé àkáùntì àwọn tó ń ṣẹ ìwọ́de táko abẹ́rẹ́ covid-19,Ìjọba Canada ṣetán láti gbẹ́sẹ̀ lé àkáùntì àwọn tó ń ṣẹ ìwọ́de táko abẹ́rẹ́ covid-19,Justin Trudeau ṣalaye pe awọn ile ifopamọ le gbẹsẹ le akaunti awọn to ba ni ohun kan ṣe pẹlu iwọde tako abẹrẹ covid-19.
,,
,,
,,
,,
,,
,,
Ìjọba Canada ṣetán láti gbẹ́sẹ̀ lé àkáùntì àwọn tó ń ṣẹ ìwọ́de táko abẹ́rẹ́ covid-19,Ìjọba Canada ṣetán láti gbẹ́sẹ̀ lé àkáùntì àwọn tó ń ṣẹ ìwọ́de táko abẹ́rẹ́ covid-19,Justin Trudeau ṣalaye pe awọn ile ifopamọ le gbẹsẹ le akaunti awọn to ba ni ohun kan ṣe pẹlu iwọde tako abẹrẹ covid-19.
"Wo ohun méjé tó yẹ kí o mọ̀ nípa Abba Kyari, ọ̀gá ọlọ́pàá tí wọ́n fẹ̀sùn ìwà ọ̀daràn kàn","Wo ohun méjé tó yẹ kí o mọ̀ nípa Abba Kyari, ọ̀gá ọlọ́pàá tí wọ́n fẹ̀sùn ìwà ọ̀daràn kàn","Ṣaaju ni wọn ti kọkọ ni ko lọ rọọkun nile lẹyin ti ajọ ọtẹlẹmuyẹ ilẹ Amẹrika, FBI, ni ko wa sọ tẹnu rẹ lori ibaṣepọ rẹ pẹlu Hushpuppy."
,,
,,
,,
,,
,,
,,
"Wo ohun méjé tó yẹ kí o mọ̀ nípa Abba Kyari, ọ̀gá ọlọ́pàá tí wọ́n fẹ̀sùn ìwà ọ̀daràn kàn","Wo ohun méjé tó yẹ kí o mọ̀ nípa Abba Kyari, ọ̀gá ọlọ́pàá tí wọ́n fẹ̀sùn ìwà ọ̀daràn kàn","Ṣaaju ni wọn ti kọkọ ni ko lọ rọọkun nile lẹyin ti ajọ ọtẹlẹmuyẹ ilẹ Amẹrika, FBI, ni ko wa sọ tẹnu rẹ lori ibaṣepọ rẹ pẹlu Hushpuppy."
Àwọn tọ́ọ̀gì Aregbesola ló da wàhálà sílẹ̀ l'Osun - Ọlọ́pàá,Àwọn tọ́ọ̀gì Aregbesola ló da wàhálà sílẹ̀ l'Osun - Ọlọ́pàá,Àwọn akẹ́kọ̀ọ́ ṣe ìfẹ̀hónú hàn lórí bí àwọn ẹ̀ṣọ́ aláàbò Aregbesola ṣe da ìbọn bolẹ̀ ní Osogbo.
,,
,,
,,
,,
,,
,,
Àwọn tọ́ọ̀gì Aregbesola ló da wàhálà sílẹ̀ l'Osun - Ọlọ́pàá,Àwọn tọ́ọ̀gì Aregbesola ló da wàhálà sílẹ̀ l'Osun - Ọlọ́pàá,Àwọn akẹ́kọ̀ọ́ ṣe ìfẹ̀hónú hàn lórí bí àwọn ẹ̀ṣọ́ aláàbò Aregbesola ṣe da ìbọn bolẹ̀ ní Osogbo.
"Fídíò, ,Wọ́n fún mi ní ‘Biscuit’ jẹ ní òde àṣé Igbó ni, inú gbọ̀ngàn ayẹyẹ wá dàbí ebè lójú mi – Olaiya Igwe,, Duration 5,34","Fídíò, ,Wọ́n fún mi ní ‘Biscuit’ jẹ ní òde àṣé Igbó ni, inú gbọ̀ngàn ayẹyẹ wá dàbí ebè lójú mi – Olaiya Igwe,, Duration 5,34","Nigba to n ba BBC Yoruba fi ọrọ jomitoro ọrọ, Olaiya Igwe ni ọpọ nnkan ni oju oun ti ri, koda oun ti mu igbo ri laimọ."
,,
,,
,,
,,
,,
,,
,,
,,
"Fídíò, ,Wọ́n fún mi ní ‘Biscuit’ jẹ ní òde àṣé Igbó ni, inú gbọ̀ngàn ayẹyẹ wá dàbí ebè lójú mi – Olaiya Igwe,, Duration 5,34","Fídíò, ,Wọ́n fún mi ní ‘Biscuit’ jẹ ní òde àṣé Igbó ni, inú gbọ̀ngàn ayẹyẹ wá dàbí ebè lójú mi – Olaiya Igwe,, Duration 5,34","Nigba to n ba BBC Yoruba fi ọrọ jomitoro ọrọ, Olaiya Igwe ni ọpọ nnkan ni oju oun ti ri, koda oun ti mu igbo ri laimọ."
"Fídíò, ,Ọjọ́ tí ọlọ́pàá mú mi kó mi láyà sókè, n kò le gbàgbé láéláé - Bad Boy Timz,, Duration 6,28","Fídíò, ,Ọjọ́ tí ọlọ́pàá mú mi kó mi láyà sókè, n kò le gbàgbé láéláé - Bad Boy Timz,, Duration 6,28","Bad Boy Timz, ninu akanse ifọrọwanilẹnuwo pẹlu BBc Yoruba tun ti sọrọ nipa igbe aye rẹ, bo se de idi isẹ orin kikọ atawọn ohun to n gbero lọjọ iwaju."
,,
,,
,,
,,
,,
,,
,,
,,
"Fídíò, ,Ọjọ́ tí ọlọ́pàá mú mi kó mi láyà sókè, n kò le gbàgbé láéláé - Bad Boy Timz,, Duration 6,28","Fídíò, ,Ọjọ́ tí ọlọ́pàá mú mi kó mi láyà sókè, n kò le gbàgbé láéláé - Bad Boy Timz,, Duration 6,28","Bad Boy Timz, ninu akanse ifọrọwanilẹnuwo pẹlu BBc Yoruba tun ti sọrọ nipa igbe aye rẹ, bo se de idi isẹ orin kikọ atawọn ohun to n gbero lọjọ iwaju."
"Àtẹ Àwòrán, ,Wo àwọn ibùdó mánigbàgbé tó wà ní Ajaṣe ni orilé-èdè Benin Republic níbi tí àwọn akẹ́kọ̀ọ́ Yorùbá ti lọ ṣàbẹ̀wò","Àtẹ Àwòrán, ,Wo àwọn ibùdó mánigbàgbé tó wà ní Ajaṣe ni orilé-èdè Benin Republic níbi tí àwọn akẹ́kọ̀ọ́ Yorùbá ti lọ ṣàbẹ̀wò",Opọlọpọ awọn akẹkọo Yoruba lo lọ si Ajaṣẹ laisko ikẹkọgboye Alifabẹẹti Oduduwa nibi ti wọn ti lọ mọ si nipa iran Yoruba to wa nibẹ.
,,
,,
,,
,,
,,
,,
,,
,,
"Àtẹ Àwòrán, ,Wo àwọn ibùdó mánigbàgbé tó wà ní Ajaṣe ni orilé-èdè Benin Republic níbi tí àwọn akẹ́kọ̀ọ́ Yorùbá ti lọ ṣàbẹ̀wò","Àtẹ Àwòrán, ,Wo àwọn ibùdó mánigbàgbé tó wà ní Ajaṣe ni orilé-èdè Benin Republic níbi tí àwọn akẹ́kọ̀ọ́ Yorùbá ti lọ ṣàbẹ̀wò",Opọlọpọ awọn akẹkọo Yoruba lo lọ si Ajaṣẹ laisko ikẹkọgboye Alifabẹẹti Oduduwa nibi ti wọn ti lọ mọ si nipa iran Yoruba to wa nibẹ.
Afurasí tọkọtaya ta ẹ̀yà ara ní ẹgbẹ̀rún lọ́nà àádọ́rin náírà- Ọlọ́pàá,Afurasí tọkọtaya ta ẹ̀yà ara ní ẹgbẹ̀rún lọ́nà àádọ́rin náírà- Ọlọ́pàá,Ileeṣẹ ọlọpaa ni awon afurasi Tokotaya naa ni won ti se ijamba iku fun awon meji ti won si ti jewo pe awon ta eye ara arabinrin naa.
,,
,,
,,
,,
,,
,,
Afurasí tọkọtaya ta ẹ̀yà ara ní ẹgbẹ̀rún lọ́nà àádọ́rin náírà- Ọlọ́pàá,Afurasí tọkọtaya ta ẹ̀yà ara ní ẹgbẹ̀rún lọ́nà àádọ́rin náírà- Ọlọ́pàá,Ileeṣẹ ọlọpaa ni awon afurasi Tokotaya naa ni won ti se ijamba iku fun awon meji ti won si ti jewo pe awon ta eye ara arabinrin naa.
Barrister ló sọ mí di èèyàn ńlá - Ayinla Kollington,Barrister ló sọ mí di èèyàn ńlá - Ayinla Kollington,"Alhaji Kollington Ayinla tun sọ fun BBC Yoruba pe orogun owo lasan ni ìjà oun ati Barrister, awọn si dijọ bẹrẹ orin Fuji ni."
,,
,,
,,
,,
,,
,,
Barrister ló sọ mí di èèyàn ńlá - Ayinla Kollington,Barrister ló sọ mí di èèyàn ńlá - Ayinla Kollington,"Alhaji Kollington Ayinla tun sọ fun BBC Yoruba pe orogun owo lasan ni ìjà oun ati Barrister, awọn si dijọ bẹrẹ orin Fuji ni."
,,
,,
,,
U.S. yóò máa fún àwọn ọmo Nàìjíríà kan ní físà ìwé ìrìnnà láì ṣe ìfọ̀rọ̀wánilẹ́nuwò,U.S. yóò máa fún àwọn ọmo Nàìjíríà kan ní físà ìwé ìrìnnà láì ṣe ìfọ̀rọ̀wánilẹ́nuwò,Wo àwọn tó le jẹ ànàfàní físà ìwé ìrìnnà láì ṣe ìfọ̀rọ̀wánilẹ́nuwò naa.
,,
,,
,,
,,
,,
,,
U.S. yóò máa fún àwọn ọmo Nàìjíríà kan ní físà ìwé ìrìnnà láì ṣe ìfọ̀rọ̀wánilẹ́nuwò,U.S. yóò máa fún àwọn ọmo Nàìjíríà kan ní físà ìwé ìrìnnà láì ṣe ìfọ̀rọ̀wánilẹ́nuwò,Wo àwọn tó le jẹ ànàfàní físà ìwé ìrìnnà láì ṣe ìfọ̀rọ̀wánilẹ́nuwò naa.
Àwọn nǹkan mẹ́ta tí a kò tíì mọ̀ nípa Covid-19 lẹ́yìn tí àrùn náà bẹ́ sílẹ̀ rèé,Àwọn nǹkan mẹ́ta tí a kò tíì mọ̀ nípa Covid-19 lẹ́yìn tí àrùn náà bẹ́ sílẹ̀ rèé,"Lati ọdun 2019, ko din ni miliọnu lọna ọọdunrun ati aadọta eeyan to ri fara kasa arun naa kaakiri agbaye."
,,
,,
,,
,,
,,
,,
Àwọn nǹkan mẹ́ta tí a kò tíì mọ̀ nípa Covid-19 lẹ́yìn tí àrùn náà bẹ́ sílẹ̀ rèé,Àwọn nǹkan mẹ́ta tí a kò tíì mọ̀ nípa Covid-19 lẹ́yìn tí àrùn náà bẹ́ sílẹ̀ rèé,"Lati ọdun 2019, ko din ni miliọnu lọna ọọdunrun ati aadọta eeyan to ri fara kasa arun naa kaakiri agbaye."
"Ìjọba Nàìjíríà kéde ìlànà tuntun lórí COVID-19, Ó mú àdínkù bá ìye èèyàn tó lè wọ ṣọ́ọ̀ṣì, mọ́sáláṣí","Ìjọba Nàìjíríà kéde ìlànà tuntun lórí COVID-19, Ó mú àdínkù bá ìye èèyàn tó lè wọ ṣọ́ọ̀ṣì, mọ́sáláṣí",Igbimọ tẹẹkoto ti aarẹ gbe kalẹ naa ni orilẹede Naijiria ti ko wọ inu ọwọ kẹrin ọwọja kokoro arun COVID-19
,,
,,
,,
,,
,,
,,
"Ìjọba Nàìjíríà kéde ìlànà tuntun lórí COVID-19, Ó mú àdínkù bá ìye èèyàn tó lè wọ ṣọ́ọ̀ṣì, mọ́sáláṣí","Ìjọba Nàìjíríà kéde ìlànà tuntun lórí COVID-19, Ó mú àdínkù bá ìye èèyàn tó lè wọ ṣọ́ọ̀ṣì, mọ́sáláṣí",Igbimọ tẹẹkoto ti aarẹ gbe kalẹ naa ni orilẹede Naijiria ti ko wọ inu ọwọ kẹrin ọwọja kokoro arun COVID-19
Èèyàn mẹ́ta míì tún ti lùgbàdì ẹ̀dà COVID-19 tuntun Omicron ní Nàìjíríà,Èèyàn mẹ́ta míì tún ti lùgbàdì ẹ̀dà COVID-19 tuntun Omicron ní Nàìjíríà,Naijiria ni orile-ede Afrika ti eeyan pọju nibe ti awọn eeyan ilẹ naa di fẹ wọ igba mílíọ̀nù.
,,
,,
,,
,,
,,
,,
Èèyàn mẹ́ta míì tún ti lùgbàdì ẹ̀dà COVID-19 tuntun Omicron ní Nàìjíríà,Èèyàn mẹ́ta míì tún ti lùgbàdì ẹ̀dà COVID-19 tuntun Omicron ní Nàìjíríà,Naijiria ni orile-ede Afrika ti eeyan pọju nibe ti awọn eeyan ilẹ naa di fẹ wọ igba mílíọ̀nù.
"'Omicron ti wọ Nàìjíríà o', ìjọba àpapọ̀ kéde; Canada bẹ́gi dínà àwọn ọmọ Nàìjíríà tó bá fẹ́ wọlé","'Omicron ti wọ Nàìjíríà o', ìjọba àpapọ̀ kéde; Canada bẹ́gi dínà àwọn ọmọ Nàìjíríà tó bá fẹ́ wọlé",Orilẹede Canada ni awọn ti ni ẹni meji to wọle lati orilẹede Naijiria pẹlu arun Covid-19 Omicron Variant.
,,
,,
,,
,,
,,
,,
"'Omicron ti wọ Nàìjíríà o', ìjọba àpapọ̀ kéde; Canada bẹ́gi dínà àwọn ọmọ Nàìjíríà tó bá fẹ́ wọlé","'Omicron ti wọ Nàìjíríà o', ìjọba àpapọ̀ kéde; Canada bẹ́gi dínà àwọn ọmọ Nàìjíríà tó bá fẹ́ wọlé",Orilẹede Canada ni awọn ti ni ẹni meji to wọle lati orilẹede Naijiria pẹlu arun Covid-19 Omicron Variant.
Ṣé o mọ̀ pé o leè kó Covid pẹ̀lú ọmọ ìka ẹ̀sẹ̀ rẹ̀ láì mọ̀?,Ṣé o mọ̀ pé o leè kó Covid pẹ̀lú ọmọ ìka ẹ̀sẹ̀ rẹ̀ láì mọ̀?,Ẹgbẹ awọn dokita onimọ nipa awọ ara nilẹ Britain ni akọsilẹ oniruuru aisan ara to lee ni ṣe pẹlu Covid.
,,
,,
,,
,,
,,
,,
Ṣé o mọ̀ pé o leè kó Covid pẹ̀lú ọmọ ìka ẹ̀sẹ̀ rẹ̀ láì mọ̀?,Ṣé o mọ̀ pé o leè kó Covid pẹ̀lú ọmọ ìka ẹ̀sẹ̀ rẹ̀ láì mọ̀?,Ẹgbẹ awọn dokita onimọ nipa awọ ara nilẹ Britain ni akọsilẹ oniruuru aisan ara to lee ni ṣe pẹlu Covid.
Okòòwò márùn ún tí o lè bẹ̀rẹ̀ nínú ilé rẹ̀,Okòòwò márùn ún tí o lè bẹ̀rẹ̀ nínú ilé rẹ̀,Eniyan nilo ounjẹ lati lee dagba ki o si wa laye.
,,
,,
,,
,,
,,
,,
Okòòwò márùn ún tí o lè bẹ̀rẹ̀ nínú ilé rẹ̀,Okòòwò márùn ún tí o lè bẹ̀rẹ̀ nínú ilé rẹ̀,Eniyan nilo ounjẹ lati lee dagba ki o si wa laye.
"Ẹ̀dà Delta Variant COVID-19 ń gbèrú síi ní Nàìjíríà, ìjọba àpapọ̀ ra abẹ́rẹ́ àjẹsára 176,000","Ẹ̀dà Delta Variant COVID-19 ń gbèrú síi ní Nàìjíríà, ìjọba àpapọ̀ ra abẹ́rẹ́ àjẹsára 176,000","Nnkan bii ọgọsan ẹgbẹrun eeyan lo ti ko arun naa, ti ẹgbẹrun meji ati igba o din marun un eeyan si ti ti ara rẹ ku."
,,
,,
,,
,,
,,
,,
"Ẹ̀dà Delta Variant COVID-19 ń gbèrú síi ní Nàìjíríà, ìjọba àpapọ̀ ra abẹ́rẹ́ àjẹsára 176,000","Ẹ̀dà Delta Variant COVID-19 ń gbèrú síi ní Nàìjíríà, ìjọba àpapọ̀ ra abẹ́rẹ́ àjẹsára 176,000","Nnkan bii ọgọsan ẹgbẹrun eeyan lo ti ko arun naa, ti ẹgbẹrun meji ati igba o din marun un eeyan si ti ti ara rẹ ku."
