headline,co_headline,period
,,Ìròyìn
,,
,,"February 23, 2022"
,,
,,
"Faith Adebọla Gomina ipinlẹ Kano tẹlẹ, Sẹnetọ Rabiu Musa Kwankwaso, ti sọ pe ko si iyatọ…",,
,,Ìròyìn
,,
,,"February 22, 2022"
,,
,,
"Florence Babaṣọla, Oṣogbo Bo tilẹ jẹ pe eeyan marun-un nileeṣẹ ọlọpaa sọ pe wọn ti gbẹmi…",,
,,Ìròyìn
,,
,,"February 22, 2022"
,,
,,
"Faith Adebọla Oloye Oluṣẹgun Arẹmu Ọbasanjọ, olori orileede wa tẹlẹ, ti gba awọn oloṣelu lamọran pe…",,
,,Ìròyìn
,,
,,"February 22, 2022"
,,
,,
"Faith Adebọla Minisita tẹlẹ fun eto omi, Abilekọ Sarah Ochekpe, ti rẹwọn he, ọdun mẹta nile-ẹjọ…",,
,,Ìròyìn
,,
,,"February 22, 2022"
,,
,,
"Adefunkẹ Adebiyi, Abẹokuta Niṣe lẹjẹ eeyan n ṣan nilẹ bii omi, bi aya eeyan ko ba…",,
,,Ìròyìn
,,
,,"February 21, 2022"
,,
,,
Jọkẹ Amọri Afi ki gbogbo awọn ti wọn maa n fi awọn ọmọ wọn silẹ fun…,,
,,Ìròyìn
,,
,,"February 21, 2022"
,,
,,
"Adefunkẹ Adebiyi, Abẹokuta Titi dasiko yii lawọn eeyan ṣi n wararo lagbegbe Ajebandele, loju ọna marosẹ…",,
,,Ìròyìn
,,
,,"February 21, 2022"
,,
,,
"Oluṣẹyẹ Iyiade, Akurẹ Ọwọ ọlọpaa Ẹnu-Ọwa, to wa niluu Ondo, ti tẹ ọkunrin ẹni ọdun marundinlaaadọta…",,
,,Ìròyìn
,,
,,"February 21, 2022"
,,
,,
Believe Bọla Ẹgbẹ oṣelu All Progressives Congress (APC) ti wọgi le apero gbogbogboo wọn to yẹ…,,
,,Ìròyìn
,,
,,"February 21, 2022"
,,
,,
"Jọkẹ Amọri Inu odo kan ti wọn n pe ni Rayfield Resort, to wa niluu Jos,…",,
,,Ìròyìn
,,
,,"February 21, 2022"
,,
,,
"Faith Adebọla  Gbajugbaja ọga ọlọpaa ọtẹlẹmuyẹ nni, Abba Kyari, ti wọn fẹsun kan pe o n…",,
,,Ìròyìn
,,
,,"February 21, 2022"
,,
,,
"Ọjọbọ, Tọsidee, ọsẹ to kọja, ni awọn agbebọn kan ji iyaale ile kan gbe, Salimot Ajibọla,…",,
,,Ìròyìn
,,
,,"February 21, 2022"
,,
,,
"Ọlawale Ajao, Ibadan Aṣaaju ẹgbẹ oṣelu APC, Oloye Bọla Ahmed Tinubu, ti pinnu lati na an…",,
,,Ìròyìn
,,
,,"February 21, 2022"
,,
,,
"Oluṣẹyẹ Iyiade, Ondo Awọn eeyan ilu Igasi Akoko to wa ni Ariwa-Iwọ Oorun ipinlẹ Ondo ko…",,
,,Ìròyìn
,,
,,"February 21, 2022"
,,
,,
"Florence Babaṣọla, Oṣogbo Wahala ẹgbẹ oṣelu PDP ipinlẹ Ọṣun tun gba ibomi-in yọ lọjọ Aiku, Sannde,…",,
,,Ìròyìn
,,
,,"February 20, 2022"
,,
,,
"Ibrahim Alagunmu, Ilọrin Bi eeyan ba jori ahun, omije yoo da loju ẹ lọjọ Aiku, Sannde,…",,
,,Ìròyìn
,,
,,"February 20, 2022"
,,
,,
"Florence Babaṣọla, Oṣogbo Wahala bẹ silẹ ni Wọọdu kẹfa to wa ni Odogbo, nijọba ibilẹ Atakunmọsa,…",,
,,Ìròyìn
,,
,,"February 20, 2022"
,,
,,
"Florence Babaṣọla, Oṣogbo Alaga igbimọ to ṣeto idibo abẹle fun ẹgbẹ oṣelu APC nipinlẹ Ọṣun, Alhaji…",,
,,Ìròyìn
,,
,,"February 19, 2022"
,,
,,
"Florence Babaṣọla, Oṣogbo Minisita fun ọrọ abẹle lorileede yii, Ọgbẹni Rauf Adesọji Arẹgbẹṣọla, ti sọ fun…",,
,,Ìròyìn
,,
,,"February 19, 2022"
,,
,,
"Florence Babaṣọla, Oṣogbo Pẹlu esi idibo to n wọle lọwọlọwọ bayii kaakiri wọọdu idibo to wa…",,
,,Ìròyìn
,,
,,"February 18, 2022"
,,
,,
"Ọlawale Ajao, Ibadan Lati le mu idagbasoke ba ede Yoruba, gbogbo awọn to wa nidii akoso…",,
,,Ìròyìn
,,
,,"February 18, 2022"
,,
,,
"Adefunkẹ Adebiyi, Abẹokuta Igbimọ to n ri si ọrọ ọba jijẹ nipinlẹ Ogun ti fọwọ si…",,
,,Ìròyìn
,,
,,"February 18, 2022"
,,
,,
"Florence Babaṣọla, Oṣogbo Awọn oludije mẹtẹẹta ti wọn fẹẹ kopa ninu eto idibo abẹle ẹgbẹ oṣelu…",,
,,Ìròyìn
,,
,,"February 18, 2022"
,,
,,
"Adefunkẹ Adebiyi, Abẹokuta Ko din leeyan mẹtadinlogun to jona ku laaarọ ọjọ Ẹti, Furaidee, ọjọ kejidinlogun,…",,
,,Ìròyìn
,,
,,"February 18, 2022"
,,
,,
"Ibrahim Alagunmu, Ilọrin Ọjọbọ, Tọsidee, ọṣẹ yii, ni ajọ to n gbogun ti iwa jibiti ati…",,
,,Ìròyìn
,,
,,"February 18, 2022"
,,
,,
"Faith Adebọla Yoruba bọ, wọn ni iṣu atẹnumọrọ ki i jona, ohun to ba si n…",,
,,Ìròyìn
,,
,,"February 18, 2022"
,,
,,
"Adefunkẹ Adebiyi, Abẹokuta ‘Ajagbe Youngest Nation’ (AYN), ni wọn n pe ara wọn. Ọmọ ileewe Ajagbe…",,
,,Ìròyìn
,,
,,"February 18, 2022"
,,
,,
"Jọkẹ Amọri  Ọkan pataki ninu awọn aṣaaju awọn eeyan ẹya Ijaw, Niger Delta, Edwin Clark, ti…",,
,,Ìròyìn
,,Ìròyìn
,,
,,"February 18, 2022"
,,
,,
"Adefunkẹ Adebiyi, Abẹokuta Titi ta a fi pari iroyin yii, ko ti i sẹni to gbọ…",,
,,Ìròyìn
,,
,,"February 11, 2022"
,,
,,"February 17, 2022"
,,
,,
"Faith Adebọla, Eko Meje lara awọn ọmọ ganfe to n digunjale loju popo lagbegbe Ikẹja ati…",,
,,Ìròyìn
,,Ìròyìn
,,
,,Ìròyìn
,,
,,"February 18, 2022"
,,
,,
"Florence Babaṣọla, Oṣogbo Gomina ipinlẹ Ọṣun tẹlẹ, Ọgbẹni Rauf Adesọji Arẹgbẹṣọla, ti sọ pe aṣiṣe nla…",,
,,Ìròyìn
,,
,,
"Florence Babaṣọla, Oṣogbo Bonkẹlẹ ni Oluwoo, Ọba Abdulrosheed Adewale Akanbi, kọ lẹta naa, titi di ba a…",,
,,Ìròyìn
,,
,,"February 11, 2022"
,,
,,
,,"February 17, 2022"
,,
,,
"Florence Babaṣọla, Oṣogbo Pẹlu bi igbaradi ṣe ti bẹrẹ ninu awọn ẹgbẹ oṣelu to wa nipinlẹ…",,
,,Ìròyìn
,,"February 10, 2022"
,,
,,
"Adefunkẹ Adebiyi, Abẹokuta  Oṣu meje gbako ni Adebọwale Babatunde Ismail, ẹni ọdun mẹrinlelogun, to jẹ akẹkọọ nileewe…",,
,,Ìròyìn
,,
,,
,,"February 17, 2022"
,,
,,
"Faith Adebọla Bi ko ba tun si ayipada ojiji mi-in, o jọ pe agbegbe Aarin-Gbungbun Ariwa…",,
,,Ìròyìn
,,
,,Ìròyìn
,,
,,"February 16, 2022"
,,
"Ibrahim Alagunmu, Ilọrin Orin ọpẹ lo gbẹnu awọn arakunrin meji kan, Samuel Faremi ati Emmanuel Adeyẹmi, ti…",,
,,Ìròyìn
,,
,,"February 11, 2022"
,,
,,"February 17, 2022"
,,
,,
"Ọlawale Ajao, Ibadan Gomina ipinlẹ Ọyọ, Ẹnjinia Ṣeyi Makinde, ti pinnu lati ṣepade pẹlu awọn tọọgi…",,
,,Ìròyìn
,,
,,"February 9, 2022"
,,
,,
"Florence Babaṣọla, Ọṣogbo Awọn alakooso ileewe gbogboniṣe ilu Iree ti kilọ fawọn akẹkọọ wọn lati pa…",,
,,Ìròyìn
,,
,,"February 17, 2022"
,,
,,
"Ibrahim Alagunmu, Ilọrin L’Ọjọbọ, Tọsidee, ọṣẹ yii, lọwọ ajọ ẹsọ alaabo ṣifu difẹnsi, ẹka ti ipinlẹ…",,
,,Ìròyìn
,,
,,
"Florence Babaṣọla, Oṣogbo Igun ẹgbẹ oṣelu APC nipinlẹ Ọṣun, ‘The Osun Progressives’ (TOP), ti fẹsun kan…",,
,,Ìròyìn
,,
,,"February 16, 2022"
,,Ìròyìn
,,
,,"February 8, 2022"
,,
,,
,,
"Oniwaasu agba fun ijọ kan ti wọn n pe ni Trinity House, Lagos, Pastor Ituah Ighodalo,…",,
,,Ìròyìn
,,
,,"February 17, 2022"
,,
,,
"Ibrahim Alagunmu, Ilọrin Alaga apapọ ẹgbẹ oṣelu PDP tẹlẹ nilẹ yii, Alaaji Abubakar Kawu Baraje, ti…",,
,,Ìròyìn
,,
,,"February 9, 2022"
,,
,,
Faith Adebọla Asilo agbara awọn to jẹ olori Naijiria lasiko yii ti fẹẹ tẹ ọkọ orileede…,,
,,Ìròyìn
,,
,,"February 17, 2022"
,,
,,
Faith Adebọla Agbarijọ awọn gomina ti wọn n ṣakoso lọwọ ninu ẹgbẹ oṣelu Peoples Democratic Party…,,
,,
,,
"Taofeek Surdiq, Ado-Ekiti Gomina ipinlẹ Ekiti tẹlẹ, Oloye Segun Oni, ti fi ẹgbẹ PDP silẹ, o ti…",,
,,Ìròyìn
,,
,,"February 15, 2022"
,,
"Jọkẹ Amọri Minisita fun eto idajọ nilẹ wa, Abubakar Malami, ti sọ pe ọna oṣelu ni…",,
,,Ìròyìn
,,
,,"February 7, 2022"
,,"February 11, 2022"
,,
,,
"Ibrahim Alagunmu, Ilọrin Kayeefi lọrọ naa jẹ nigba ti iroyin de si etiigbọ awọn eeyan pe akẹkọọ…",,
,,Ìròyìn
,,
,,"February 11, 2022"
,,"February 17, 2022"
,,
,,
"Florence Babaṣọla, Oṣogbo Igun kan ninu ẹgbẹ oṣelu PDP nipinlẹ Ọṣun ti wọn jẹ ti Sẹnetọ…",,
,,Ìròyìn
,,Ìròyìn
,,
,,"February 9, 2022"
,,
,,
"Faith Adebọla   Bi nnkan ba lọ bo ṣe yẹ ko lọ, ko ni i pẹ…",,
,,
,,
"Florence Babaṣọla, Oṣogbo Aarẹ akọkọ fun ẹgbẹ Ọranmiyan kaakiri agbaye, Ọranmiyan Group Worldwide, Ọmọọba Felix Awofisayọ,…",,
,,Ìròyìn
,,
,,"February 15, 2022"
,,
,,
"Florence Babaṣọla, Oṣogbo Gomina Gboyega Oyetọla ti ipinlẹ Ọṣun ti ṣeleri fawọn araalu pe ti wọn…",,
,,Ìròyìn
,,
,,
,,
,,"February 17, 2022"
,,
,,
,,"February 13, 2022"
,,
,,
,,Ìròyìn
,,
,,"February 9, 2022"
,,
,,
"Faith Adebọla Gomina ipinlẹ Ondo, to tun jẹ alaga gbogbo awọn gomina iha Guusu ilẹ wa,…",,
,,Ìròyìn
,,
,,
"Florence Babaṣọla, Oṣogbo Gomina ipinlẹ Ọṣun tẹlẹ, Ọgbẹni Rauf Arẹgbẹṣọla, ti sọ pe gbogbo nnkan ti…",,
,,Feature stories
,,
,,"February 15, 2022"
,,
,,"February 6, 2022"
,,
,,
"Faith Adebọla Pẹlu ọrọ ti Ọgbẹni Pẹlumi Ọlajẹngbesi, ilu-mọ-ọn-ka lọọya to n ṣoju fun gbajugbaja ajijangbara…",,
,,Ìròyìn
,,
,,"February 6, 2022"
,,
"Florence Babaṣọla, Oṣogbo Akẹkọọ ọlọdun keji ni ẹka Linguistic and African Language ni Fasiti Ifẹ, Ajibọla…",,
,,Ìròyìn
,,
,,"February 11, 2022"
,,
,,
"Ibrahim Alagunmu, Ilọrin Nitori ki irọrun le de ba awọn araalu, ẹsọ alaabo ṣifu difẹnsi, ẹka…",,
,,Ìròyìn
,,
,,"February 17, 2022"
,,
,,
Adewumi Adegoke Ọga agba eto iroyin ati ipolongo fun (SGMC) ẹgbẹ to n ṣatilẹyin fun Aṣiwaju…,,
,,Ìròyìn
,,
,,"February 13, 2022"
,,
,,"February 9, 2022"
,,
,,
"Ọrọ bẹyin yọ lọsẹ to kọja yii, nigba ti Aranmọlate Saheed Ọlanrewaju, ọkunrin ti ọkan ninu…",,
,,
Yẹmi Adedeji Afaimọ. Afaimọ. Afaimo ni ko ni i jẹ lẹyin ti wọn ba dibo Naijiria…,,
,,Ìròyìn
,,
,,"February 15, 2022"
,,
,,Ìròyìn
,,
,,
,,
"Adefunkẹ Adebiyi, Abẹokuta Awọn ọmọ ilu Rẹmọ, ti i ṣe ilu abinibi Ọjọgbọn Yẹmi Ọṣinbajo, labẹ…",,
,,Ìròyìn
,,
,,
"Ọlawale Ajao, Ibadan Adajọ agba ipinlẹ Ọyọ, Onidaajọ Munta Abimbọla, ti paṣẹ pe ki gbogbo awọn…",,
,,Ìròyìn
,,
,,"February 11, 2022"
"Taofeek Surdiq,Ado-Ekiti Inu ibẹru-bojo lawọn eeyan ilu Ikun-Ekiti, nijọba ibilẹ Mọba, wa bayii pẹlu bi wọn…",,
,,Ìròyìn
,,
,,"February 16, 2022"
,,
,,
,,
"Nitori bi wọn ṣe ti i mọle lọna aitọ, ajijagbara ọmọ Yoruba nni, Sunday Adeyẹmọ ti…",,
,,Ìròyìn
,,Ìròyìn
,,
,,"February 9, 2022"
,,
,,
"Ọlawale Ajao, Ibadan Elewi ibilẹ kan lo sọ ninu orin ewi rẹ kan pe “Eeyan wọn,…",,
,,
"Florence Babaṣọla, Oṣogbo Minisita fun ọrọ abẹle lorileede yii, to tun jẹ gomina nipinlẹ Ọṣun tẹlẹ,…",,
,,Ìròyìn
,,
,,"February 15, 2022"
,,"February 4, 2022"
,,
,,
"Ọlawale Ajao, Ibadan Idije imọ Ede Yoruba to le sọ awọn akẹkọọ ileewe girama di miliọnia yoo…",,
,,Ìròyìn
,,
,,"February 6, 2022"
,,
,,
Faith Adebọla Bawọn ologun ati ẹṣọ alaabo ṣe n ge awọn janduku afẹmiṣofo to n fojoojumọ…,,
,,
,,
"Florence Babaṣọla, Oṣogbo Awọn oludije mẹtẹẹta ti wọn gba fọọmu lati dupo gomina labẹ ẹgbẹ oṣelu…",,
,,Ìròyìn
,,
"Florence Babaṣọla, Oṣogbo Ọba (Dokita) Gabriel Adekunle Aromọlaran, Ọwa Obokun ti ilẹ Ijeṣa, ti ki Gomina…",,
,,Ìròyìn
,,
,,"February 16, 2022"
,,
,,
,,"February 13, 2022"
,,
,,
"Adefunkẹ Adebiyi, Abẹokuta Idajọ oju-ẹsẹ lawọn ọdọ kan ti wọn le lọgọrun-un ṣe fawọn ọkunrin meji…",,
,,Ìròyìn
,,Ìròyìn
,,
,,"February 9, 2022"
,,
,,
,,
"Jọkẹ Amọri Tọkọ-tiyawo kan, Kẹhinde Ọladimeji ati Adejumọkẹ Raji, ti jẹwọ bi wọn ṣe ri ẹya…",,
,,Ìròyìn
,,
,,"February 14, 2022"
,,Ìròyìn
,,
,,"February 3, 2022"
,,
,,"February 4, 2022"
,,
,,
"O kere tan, ọmọleewe kan lo ku, ti ọpọ si fara pa yannayanna, lasiko ti awọn…",,
,,Ìròyìn
,,
,,Ìròyìn
,,
,,"February 6, 2022"
,,
,,
,,
,,"February 11, 2022"
,,
,,
"Ọlawale Ajao, Ibadan Adajọ agba ipinlẹ Ọyọ, Onidaajọ Munta Abimbọla, ti paṣẹ pe ki gbogbo awọn…",,
,,Ìròyìn
,,
,,
"Ọlawale Ajao, Ibadan Ijọba ipinlẹ Ọyọ, labẹ iṣakoso Gomina Ṣeyi Makinde, ti pinnu lati kọ papakọ…",,
,,Ìròyìn
,,
,,"February 16, 2022"
,,
,,"February 13, 2022"
,,
,,
"Olawale Ajao, Ibadan Titi di ba a ṣe n sọ yii lawọn eeyan ṣi n ki…",,
,,Ìròyìn
,,
"Faith Adebọla  Ẹmia ilu Kano ana, Sanusi Lamido Sanusi, Muhammadu Sanusi keji, ti ṣekilọ fawọn to…",,
,,Ìròyìn
,,
,,"February 9, 2022"
,,
,,
,,
"Faith Adebọla Ọwọ agbofinro ti ba DCP Abba Kyari, ọga ọtẹlẹmuyẹ ana ti wọn fẹsun kan…",,
,,Ìròyìn
,,
,,"February 14, 2022"
,,
,,
"Faith Adebọla, Eko Ọmọọba AbdulWasiu Almaroof, ti i ṣe Akọwe fun idile ọlọba Kupoluyi ti kede…",,
,,Ìròyìn
,,
,,"February 3, 2022"
,,
,,"February 3, 2022"
,,
,,
"Adewumi Adegoke Ọjọbọ, Tọsidee, ọsẹ yii, ni ileeṣẹ ọlọpaa ipinlẹ Ogun wọ awọn ọmọde keekeeke ti…",,
,,Ìròyìn
"Faith Adebọla  Gomina ipinlẹ Jigawa tẹlẹ, to tun jẹ agba ọjẹ ọmọ ẹgbẹ PDP (Peoples Democratic…",,
,,"February 10, 2022"
,,
,,
,,"February 12, 2022"
,,
Ọgba ẹwọn ti wọn n tọju awọn ọmọ alaigbọran to wa niluu Ado-Ekiti ni Onidaajọ Adekunle…,,
,,Ìròyìn
,,
,,"February 9, 2022"
,,
"Jọkẹ Amọri Ọsan ọjọ Aje, Mọnde, ọsẹ yii, ni Gomina ipinlẹ Ọyọ, Ẹnjinnia Ṣeyi Makinde, fọwọ…",,
,,Ìròyìn
,,
,,"February 14, 2022"
,,
"Faith Adebọla Lasiko yii, inu Oloye Oluṣẹgun Ọbasanjọ ko dun rara, olori ilẹ wa tẹlẹ naa…",,
,,Ìròyìn
,,
,,"February 3, 2022"
,,
,,"February 3, 2022"
,,
,,
"Florence Babaṣọla, Oṣogbo Ile nla ti gomina ana nipinlẹ Ọṣun, Ọgbẹni Rauf Arẹgbẹṣọla, maa n lo…",,
,,Ìròyìn
,,Ìròyìn
,,
,,"February 6, 2022"
,,
,,
,,
"Bo tilẹ jẹ pe ko ti i ṣi asọ loju obinrin to bimọ naa fun un,…",,
,,Ìròyìn
,,
,,"February 10, 2022"
,,
"Faith Adebọla  Gomina tẹlẹ fun ipinlẹ Jigawa, Alaaji Sule Lamido, to tun jẹ ọkan lara awọn…",,
,,Ìròyìn
,,
,,"February 16, 2022"
,,
,,
"Adewumi Adegoke Ọjọ Aiku, Sannde, ọsẹ yii ni ariwo gba ilu kan pe awọn janduku kan…",,
,,Ìròyìn
,,
,,"February 12, 2022"
,,
,,
"Florence Babaṣọla, Oṣogbo O ṣee ṣe ki ẹjọ tijọba apapọ orileede wa n ba oludasilẹ ileetura…",,
,,Ìròyìn
,,
,,
,,
"Faith Adebọla Adepele lawọn ẹsun ti wọn ka si ẹsẹ DCP Abba Kyari, da bayii o,…",,
,,Ìròyìn
,,
,,"February 14, 2022"
,,
,,
"Faith Adebọla  Awọn aṣofin ọmọ ẹgbẹ oṣelu PDP (Peoples Democratic Party) lati ileegbimọ aṣofin agba, iyẹn…",,
,,Ìròyìn
,,
,,
,,"February 3, 2022"
,,
,,
Adewumi Adegoke Orire nla lo de ba awọn ọmọbinrin meji tọjọ ori wọn wa laarin ọdun…,,
,,
" Adefunkẹ Adebiyi, Abẹokuta  Ọrọ ti ko to nnkan lo gbe obinrin yii, Cynthia Olukiowu, ẹni ọgbọn…",,
,,Ìròyìn
,,
,,"February 5, 2022"
,,
,,
,,
"Adewumi Adegoke Niṣe lọrọ di bo o lọ o yago laduugbo Idi-Apẹ, niluu Ibadan, nipinlẹ Ọyọ,…",,
,,Ìròyìn
,,
,,"February 10, 2022"
,,
,,
,,
"Ọlawale Ajao, Ibadan Gomina ipinlẹ Ọyọ, Ẹnjinnia Ṣeyi Makinde ti ṣapejuwe gomina ipinlẹ Ọyọ nigba kan, Ọtunba…",,
,,
,,
"Jọkẹ Amọri Ile alaja mẹta kan ti wọn n kọ lọwọ to wa ni Akanbi Crescent,…",,
,,Ìròyìn
,,
,,"February 12, 2022"
,,"February 9, 2022"
,,
,,
"Florence Babaṣọla, Oṣogbo Agbarijọpọ ẹgbẹ awọn oṣiṣẹ ijọba nipinlẹ Ọṣun, State of Osun Joint Labour Movement,…",,
,,
,,
Jọkẹ Amọri Gbedeke oṣu kan pere ni awọn igbimọ ẹgbẹ awọn olukọ nileewe giga fasiti ilẹ…,,
,,"February 3, 2022"
,,
,,
"Oluṣẹyẹ Iyiade, Akurẹ Titi di ba a ṣe n sọrọ yii ni wọn ṣi n wa…",,
,,Ìròyìn
,,Ìròyìn
,,
,,"February 3, 2022"
,,
,,
,,
"Ibrahim Alagunmu, Ilọrin Ọjọ Abamẹta, Satide, opin ọsẹ to kọja yii, ni akẹkọọ kan nile ẹkọ…",,
,,Ìròyìn
,,
,,"February 5, 2022"
,,
" Taofeek Surdiq, Ado-Ekiti Iku ọmọdekunrin ẹni ọdun mejila, atwọn meji ti wọn jẹ ọmọ iya kan naa, to…",,
,,
,,
"Ọlawale Ajao, Ibadan Ọjọ Aje, Mọnde, ọjọ kẹrinla, oṣu keji, ọdun 2022 yii, nijọba ipinlẹ Ọyọ yoo kede ẹni ti…",,
,,Ìròyìn
,,
,,"February 12, 2022"
,,
,,"February 3, 2022"
,,
,,
"Adefunkẹ Adebiyi, Abẹokuta Ni nnkan bii aago mẹfa aarọ kọja iṣẹju marun-un Ọjọruu, Wẹsidee, ọjọ keji,…",,
"Florence Babaṣọla, Oṣogbo Oloye Kamorudeen Okiki Arẹmu to jẹ Aarẹ agbaye fun ẹgbẹ Agbẹkọya kaakiri agbaye…",,
,,Ìròyìn
,,
,,"February 3, 2022"
,,
,,
,,
"Taofeek Surdiq, Ado-Ekiti Ile-ẹjọ Mijisireeti kan to wa l’Ado-Ekiti, nipinlẹ Ekiti, ti ran ọkunrin ẹni ọdun…",,
,,Ìròyìn
,,
,,"February 5, 2022"
,,
,,
,,
"Ibrahim Alagunmu, Ilọrin Akolo ajọ ẹṣọ alaabo ṣifu difẹnsi, ẹka ti ipinlẹ Kwara, ni awọn afurasi…",,
,,Ìròyìn
,,
,,"February 12, 2022"
,,Ìròyìn
,,
,,"February 3, 2022"
,,
,,
"Florence Babaṣọla, Ọṣogbo Ẹjọ ti igun ẹgbẹ oṣelu APC nipinlẹ Ọṣun, The Osun Progressive (TOP), pe…",,
,,
"Ọlawale Ajao, Ibadan Nnkan ti ṣenuure bayii fun Ọtun Olubadan ilẹ Ibadan, Sẹnetọ Lekan Balogun, lati…",,
,,Ìròyìn
,,
,,"February 3, 2022"
,,
"Florence Babaṣọla, Oṣogbo Awọn The Osun Progressives (TOP) ti wọn jẹ igun ẹgbẹ oṣelu APC ti…",,
,,Ìròyìn
,,
,,"February 4, 2022"
,,
,,
,,
"Adefunkẹ Adebiyi, Abẹokuta Pẹlu bi ọrọ ọmọ ti wọn ge ori ẹ lati fi ṣetutu owo…",,
,,Ìròyìn
,,
,,Ìròyìn
,,
,,"February 3, 2022"
,,
,,
,,
Jọkẹ Amọri Bi ki i baa ṣe ọpẹlọpẹ awọn ọlọpaa ayaraṣaṣa ti wọn n pe ni…,,
,,Ìròyìn
,,
,,"February 3, 2022"
,,
"Jọkẹ Amọri Bawọn oṣere ilẹ wa meji yii, Ọdunlade Adekọla ati Toyin Ahimaku ko ba tete…",,
,,"February 11, 2022"
,,
,,
,,
,,
"Faith Adebọla Ṣinkin ni inu awọn araalu, awọn akẹkọọ atawọn alakooso ileewe olukọni (College of Education),…",,
,,Ìròyìn
,,
"Taofeek Surdiq, Ado-Ekiti Ọwọ ileeṣẹ ọlọpaa ipinlẹ Ekiti ti tẹ awọn ogboju adigunjale ti ko din…",,
,,Ìròyìn
,,
,,"February 3, 2022"
,,
,,
,,"February 11, 2022"
,,
,,
"Ibrahim Alagunmu, Ilọrin Oku ti Senetọ Bukọla Saraki, adari ile aṣofin agba tẹlẹ nilẹ yii sin…",,
,,
"Ibrahim Alagunmu, Ilọrin Ọjọ Isẹgun, Tusidee, ọṣẹ yii, ni ẹgbẹ kan ti wọn n pe ara…",,
,,Ìròyìn
,,
,,"February 3, 2022"
,,
"Adefunkẹ Adebiyi, Abẹokuta Pẹlu bi ijinigbe, ole jija, ipaniyan, wahala awọn Fulani darandaran lojumọmọ atawọn mi-in…",,
,,Ìròyìn
,,
,,"February 3, 2022"
,,
,,
"Florence Babaṣọla, Oṣogbo Alaga igun ẹgbẹ oṣelu APC ti wọn pe ni The Osun Progressives (TOP)…",,
,,Ìròyìn
,,
,,"February 3, 2022"
,,
,,
"Ibrahim Alagunmu,  Ilọrin Wọn ni inu didun ni i fa ijo ajorin lọna oko, ijọba Kwara…",,
,,Ìròyìn
,,
,,"February 3, 2022"
,,
,,
"Ibrahim Alagunmu, Ilọrin Ọjọru, Wẹsidee, ọṣẹ yii, lawọn akekọọ Musulumi nileewe Baptist, niluu Ijagbo, nipinlẹ Kwara,…",,
,,Ìròyìn
,,
,,"February 1, 2022"
,,
"Faith Adebọla Ọwọ awọn agbofinro ti tẹ ọdaju adigunjale ati apaayan kan, Samson Eze, ẹni ọdun…",,
,,
,,
"Faith Adebọla  Ọkunrin ẹni ọdun mẹtalelogun kan, Blessing Okon, ko ro o rara, tori idajọ to…",,
